N,stratum,metric,model,reference,n_targets,targets,estimate,low,high,scale,wins,status,n_zero_model,n_zero_reference
40,all,ap,headft,base,8,1053173-743445;434954-2097;463203-2650;493248-485317;504329;540297-493091;588689;624273-588549,0.016180269535990863,-0.01241115277712428,0.04477169184910601,mean_difference,6,defined,,
40,all,ap,headft,base,8,1053173-743445;434954-2097;463203-2650;493248-485317;504329;540297-493091;588689;624273-588549,1.2388846400029923,0.8748631581009276,1.7543716831864564,geometric_ratio,6,defined,0.0,0.0
40,all,ap,nearest_active,base,7,434954-2097;463203-2650;493248-485317;504329;540297-493091;588689;624273-588549,-0.016821266286815125,-0.05543912818665686,0.021796595613026614,mean_difference,3,defined,,
40,all,ap,nearest_active,base,7,434954-2097;463203-2650;493248-485317;504329;540297-493091;588689;624273-588549,0.6338239920584509,0.28429318608552917,1.4130934984423105,geometric_ratio,3,defined,0.0,0.0
40,all,ap,base,headft,8,1053173-743445;434954-2097;463203-2650;493248-485317;504329;540297-493091;588689;624273-588549,-0.016180269535990863,-0.04477169184910601,0.01241115277712428,mean_difference,2,defined,,
40,all,ap,base,headft,8,1053173-743445;434954-2097;463203-2650;493248-485317;504329;540297-493091;588689;624273-588549,0.8071776561840212,0.570004640170494,1.1430359030899278,geometric_ratio,2,defined,0.0,0.0
40,all,ap,nearest_active,headft,7,434954-2097;463203-2650;493248-485317;504329;540297-493091;588689;624273-588549,-0.034628078486459705,-0.09472115229707453,0.025464995324155124,mean_difference,3,defined,,
40,all,ap,nearest_active,headft,7,434954-2097;463203-2650;493248-485317;504329;540297-493091;588689;624273-588549,0.5102624987658573,0.21253410668098988,1.2250636931303656,geometric_ratio,3,defined,0.0,0.0
40,all,ef1,headft,base,8,1053173-743445;434954-2097;463203-2650;493248-485317;504329;540297-493091;588689;624273-588549,2.29742249773139,-2.656205177084456,7.251050172547236,mean_difference,6,defined,,
40,all,ef1,headft,base,8,1053173-743445;434954-2097;463203-2650;493248-485317;504329;540297-493091;588689;624273-588549,1.2410654345447087,0.767968761982222,2.005606854172153,geometric_ratio,6,defined,0.0,0.0
40,all,ef1,nearest_active,base,7,434954-2097;463203-2650;493248-485317;504329;540297-493091;588689;624273-588549,-2.5316435469725147,-9.432531842084414,4.369244748139385,mean_difference,3,defined,,
40,all,ef1,nearest_active,base,7,434954-2097;463203-2650;493248-485317;504329;540297-493091;588689;624273-588549,0.6969175456507939,0.2801584238662333,1.733640769152206,geometric_ratio,3,defined,0.0,0.0
40,all,ef1,base,headft,8,1053173-743445;434954-2097;463203-2650;493248-485317;504329;540297-493091;588689;624273-588549,-2.29742249773139,-7.251050172547236,2.656205177084456,mean_difference,2,defined,,
40,all,ef1,base,headft,8,1053173-743445;434954-2097;463203-2650;493248-485317;504329;540297-493091;588689;624273-588549,0.8057592872746916,0.4986022050731206,1.3021362970791635,geometric_ratio,2,defined,0.0,0.0
40,all,ef1,nearest_active,headft,7,434954-2097;463203-2650;493248-485317;504329;540297-493091;588689;624273-588549,-5.050670175895994,-14.339571690092576,4.238231338300587,mean_difference,2,defined,,
40,all,ef1,nearest_active,headft,7,434954-2097;463203-2650;493248-485317;504329;540297-493091;588689;624273-588549,0.5481175103765865,0.23914417525573314,1.2562831808893282,geometric_ratio,2,defined,0.0,0.0
40,canonical_not_in_training,ap,headft,base,8,1053173-743445;434954-2097;463203-2650;493248-485317;504329;540297-493091;588689;624273-588549,0.016180269535990863,-0.01241115277712428,0.04477169184910601,mean_difference,6,defined,,
40,canonical_not_in_training,ap,headft,base,8,1053173-743445;434954-2097;463203-2650;493248-485317;504329;540297-493091;588689;624273-588549,1.2388846400029923,0.8748631581009276,1.7543716831864564,geometric_ratio,6,defined,0.0,0.0
40,canonical_not_in_training,ap,nearest_active,base,7,434954-2097;463203-2650;493248-485317;504329;540297-493091;588689;624273-588549,-0.016821266286815125,-0.05543912818665686,0.021796595613026614,mean_difference,3,defined,,
40,canonical_not_in_training,ap,nearest_active,base,7,434954-2097;463203-2650;493248-485317;504329;540297-493091;588689;624273-588549,0.6338239920584509,0.28429318608552917,1.4130934984423105,geometric_ratio,3,defined,0.0,0.0
40,canonical_not_in_training,ap,base,headft,8,1053173-743445;434954-2097;463203-2650;493248-485317;504329;540297-493091;588689;624273-588549,-0.016180269535990863,-0.04477169184910601,0.01241115277712428,mean_difference,2,defined,,
40,canonical_not_in_training,ap,base,headft,8,1053173-743445;434954-2097;463203-2650;493248-485317;504329;540297-493091;588689;624273-588549,0.8071776561840212,0.570004640170494,1.1430359030899278,geometric_ratio,2,defined,0.0,0.0
40,canonical_not_in_training,ap,nearest_active,headft,7,434954-2097;463203-2650;493248-485317;504329;540297-493091;588689;624273-588549,-0.034628078486459705,-0.09472115229707453,0.025464995324155124,mean_difference,3,defined,,
40,canonical_not_in_training,ap,nearest_active,headft,7,434954-2097;463203-2650;493248-485317;504329;540297-493091;588689;624273-588549,0.5102624987658573,0.21253410668098988,1.2250636931303656,geometric_ratio,3,defined,0.0,0.0
40,canonical_not_in_training,ef1,headft,base,8,1053173-743445;434954-2097;463203-2650;493248-485317;504329;540297-493091;588689;624273-588549,2.29742249773139,-2.656205177084456,7.251050172547236,mean_difference,6,defined,,
40,canonical_not_in_training,ef1,headft,base,8,1053173-743445;434954-2097;463203-2650;493248-485317;504329;540297-493091;588689;624273-588549,1.2410654345447087,0.767968761982222,2.005606854172153,geometric_ratio,6,defined,0.0,0.0
40,canonical_not_in_training,ef1,nearest_active,base,7,434954-2097;463203-2650;493248-485317;504329;540297-493091;588689;624273-588549,-2.5316435469725147,-9.432531842084414,4.369244748139385,mean_difference,3,defined,,
40,canonical_not_in_training,ef1,nearest_active,base,7,434954-2097;463203-2650;493248-485317;504329;540297-493091;588689;624273-588549,0.6969175456507939,0.2801584238662333,1.733640769152206,geometric_ratio,3,defined,0.0,0.0
40,canonical_not_in_training,ef1,base,headft,8,1053173-743445;434954-2097;463203-2650;493248-485317;504329;540297-493091;588689;624273-588549,-2.29742249773139,-7.251050172547236,2.656205177084456,mean_difference,2,defined,,
40,canonical_not_in_training,ef1,base,headft,8,1053173-743445;434954-2097;463203-2650;493248-485317;504329;540297-493091;588689;624273-588549,0.8057592872746916,0.4986022050731206,1.3021362970791635,geometric_ratio,2,defined,0.0,0.0
40,canonical_not_in_training,ef1,nearest_active,headft,7,434954-2097;463203-2650;493248-485317;504329;540297-493091;588689;624273-588549,-5.050670175895994,-14.339571690092576,4.238231338300587,mean_difference,2,defined,,
40,canonical_not_in_training,ef1,nearest_active,headft,7,434954-2097;463203-2650;493248-485317;504329;540297-493091;588689;624273-588549,0.5481175103765865,0.23914417525573314,1.2562831808893282,geometric_ratio,2,defined,0.0,0.0
40,generic_unseen_any,ap,headft,base,8,1053173-743445;434954-2097;463203-2650;493248-485317;504329;540297-493091;588689;624273-588549,0.013740159307356448,-0.012840844129184528,0.040321162743897423,mean_difference,6,defined,,
40,generic_unseen_any,ap,headft,base,8,1053173-743445;434954-2097;463203-2650;493248-485317;504329;540297-493091;588689;624273-588549,1.199200116262872,0.8502766722616628,1.6913093887660289,geometric_ratio,6,defined,0.0,0.0
40,generic_unseen_any,ap,nearest_active,base,7,434954-2097;463203-2650;493248-485317;504329;540297-493091;588689;624273-588549,-0.021959292421244066,-0.05572356981225818,0.011804984969770047,mean_difference,3,defined,,
40,generic_unseen_any,ap,nearest_active,base,7,434954-2097;463203-2650;493248-485317;504329;540297-493091;588689;624273-588549,0.5762522650288248,0.2446812944044091,1.3571395956489065,geometric_ratio,3,defined,0.0,0.0
40,generic_unseen_any,ap,base,headft,8,1053173-743445;434954-2097;463203-2650;493248-485317;504329;540297-493091;588689;624273-588549,-0.013740159307356448,-0.040321162743897423,0.012840844129184528,mean_difference,2,defined,,
40,generic_unseen_any,ap,base,headft,8,1053173-743445;434954-2097;463203-2650;493248-485317;504329;540297-493091;588689;624273-588549,0.8338891786604812,0.5912578778561592,1.1760877754532368,geometric_ratio,2,defined,0.0,0.0
40,generic_unseen_any,ap,nearest_active,headft,7,434954-2097;463203-2650;493248-485317;504329;540297-493091;588689;624273-588549,-0.03689892715665725,-0.09289194058163441,0.01909408626831991,mean_difference,3,defined,,
40,generic_unseen_any,ap,nearest_active,headft,7,434954-2097;463203-2650;493248-485317;504329;540297-493091;588689;624273-588549,0.4847730247636853,0.18541874919702012,1.2674278440354694,geometric_ratio,3,defined,0.0,0.0
40,generic_unseen_any,ef1,headft,base,8,1053173-743445;434954-2097;463203-2650;493248-485317;504329;540297-493091;588689;624273-588549,1.9940309319627982,-2.8883528443580015,6.876414708283598,mean_difference,6,defined,,
40,generic_unseen_any,ef1,headft,base,8,1053173-743445;434954-2097;463203-2650;493248-485317;504329;540297-493091;588689;624273-588549,1.2380165156834675,0.7426010419181995,2.063941210136175,geometric_ratio,6,defined,0.0,0.0
40,generic_unseen_any,ef1,nearest_active,base,7,434954-2097;463203-2650;493248-485317;504329;540297-493091;588689;624273-588549,-3.053277262359302,-9.796528834860887,3.6899743101422837,mean_difference,3,defined,,
40,generic_unseen_any,ef1,nearest_active,base,7,434954-2097;463203-2650;493248-485317;504329;540297-493091;588689;624273-588549,0.6609999649600942,0.24054846788545348,1.816353093071051,geometric_ratio,3,defined,0.0,0.0
40,generic_unseen_any,ef1,base,headft,8,1053173-743445;434954-2097;463203-2650;493248-485317;504329;540297-493091;588689;624273-588549,-1.9940309319627982,-6.876414708283598,2.8883528443580015,mean_difference,2,defined,,
40,generic_unseen_any,ef1,base,headft,8,1053173-743445;434954-2097;463203-2650;493248-485317;504329;540297-493091;588689;624273-588549,0.8077436668507879,0.48450992455062314,1.34661809444398,geometric_ratio,2,defined,0.0,0.0
40,generic_unseen_any,ef1,nearest_active,headft,7,434954-2097;463203-2650;493248-485317;504329;540297-493091;588689;624273-588549,-4.98107158526077,-14.503389523813647,4.541246353292108,mean_difference,2,defined,,
40,generic_unseen_any,ef1,nearest_active,headft,7,434954-2097;463203-2650;493248-485317;504329;540297-493091;588689;624273-588549,0.5307503747407839,0.21312937025540934,1.3217134736048093,geometric_ratio,2,defined,0.0,0.0
40,murcko_unseen_active,ap,headft,base,8,1053173-743445;434954-2097;463203-2650;493248-485317;504329;540297-493091;588689;624273-588549,0.015505965748264594,-0.012315685787079684,0.04332761728360887,mean_difference,6,defined,,
40,murcko_unseen_active,ap,headft,base,8,1053173-743445;434954-2097;463203-2650;493248-485317;504329;540297-493091;588689;624273-588549,1.2333285805704455,0.8738641445948655,1.74065888509147,geometric_ratio,6,defined,0.0,0.0
40,murcko_unseen_active,ap,nearest_active,base,7,434954-2097;463203-2650;493248-485317;504329;540297-493091;588689;624273-588549,-0.0195013726654874,-0.056255360980020735,0.017252615649045937,mean_difference,3,defined,,
40,murcko_unseen_active,ap,nearest_active,base,7,434954-2097;463203-2650;493248-485317;504329;540297-493091;588689;624273-588549,0.6005371263922148,0.2520361085265634,1.430925284015043,geometric_ratio,3,defined,0.0,0.0
40,murcko_unseen_active,ap,base,headft,8,1053173-743445;434954-2097;463203-2650;493248-485317;504329;540297-493091;588689;624273-588549,-0.015505965748264594,-0.04332761728360887,0.012315685787079684,mean_difference,2,defined,,
40,murcko_unseen_active,ap,base,headft,8,1053173-743445;434954-2097;463203-2650;493248-485317;504329;540297-493091;588689;624273-588549,0.8108139353565251,0.5744950998526348,1.1443426374515144,geometric_ratio,2,defined,0.0,0.0
40,murcko_unseen_active,ap,nearest_active,headft,7,434954-2097;463203-2650;493248-485317;504329;540297-493091;588689;624273-588549,-0.036536489608124605,-0.09522730507149979,0.022154325855250588,mean_difference,3,defined,,
40,murcko_unseen_active,ap,nearest_active,headft,7,434954-2097;463203-2650;493248-485317;504329;540297-493091;588689;624273-588549,0.48597326298907967,0.18832311050997,1.2540681369414302,geometric_ratio,3,defined,0.0,0.0
40,murcko_unseen_active,ef1,headft,base,8,1053173-743445;434954-2097;463203-2650;493248-485317;504329;540297-493091;588689;624273-588549,2.1152880013749784,-2.671046350624269,6.901622353374226,mean_difference,6,defined,,
40,murcko_unseen_active,ef1,headft,base,8,1053173-743445;434954-2097;463203-2650;493248-485317;504329;540297-493091;588689;624273-588549,1.2337572951045823,0.7723748342583924,1.9707491695859018,geometric_ratio,6,defined,0.0,0.0
40,murcko_unseen_active,ef1,nearest_active,base,7,434954-2097;463203-2650;493248-485317;504329;540297-493091;588689;624273-588549,-2.8540452642364325,-9.797156052319838,4.089065523846973,mean_difference,3,defined,,
40,murcko_unseen_active,ef1,nearest_active,base,7,434954-2097;463203-2650;493248-485317;504329;540297-493091;588689;624273-588549,0.6544949768428745,0.24919065545583224,1.7190198160880878,geometric_ratio,3,defined,0.0,0.0
40,murcko_unseen_active,ef1,base,headft,8,1053173-743445;434954-2097;463203-2650;493248-485317;504329;540297-493091;588689;624273-588549,-2.1152880013749784,-6.901622353374226,2.671046350624269,mean_difference,2,defined,,
40,murcko_unseen_active,ef1,base,headft,8,1053173-743445;434954-2097;463203-2650;493248-485317;504329;540297-493091;588689;624273-588549,0.8105321881117896,0.5074212464136785,1.2947081593617242,geometric_ratio,2,defined,0.0,0.0
40,murcko_unseen_active,ef1,nearest_active,headft,7,434954-2097;463203-2650;493248-485317;504329;540297-493091;588689;624273-588549,-5.16485157353189,-14.568064643691283,4.238361496627504,mean_difference,2,defined,,
40,murcko_unseen_active,ef1,nearest_active,headft,7,434954-2097;463203-2650;493248-485317;504329;540297-493091;588689;624273-588549,0.518238845341151,0.2147733605782315,1.2504879566881946,geometric_ratio,2,defined,0.0,0.0
40,murcko_unseen_any,ap,headft,base,8,1053173-743445;434954-2097;463203-2650;493248-485317;504329;540297-493091;588689;624273-588549,0.015442497911557815,-0.01220760262357767,0.0430925984466933,mean_difference,6,defined,,
40,murcko_unseen_any,ap,headft,base,8,1053173-743445;434954-2097;463203-2650;493248-485317;504329;540297-493091;588689;624273-588549,1.2317379194750628,0.8743740218614106,1.735159398998283,geometric_ratio,6,defined,0.0,0.0
40,murcko_unseen_any,ap,nearest_active,base,7,434954-2097;463203-2650;493248-485317;504329;540297-493091;588689;624273-588549,-0.019466727321271016,-0.05591199242786164,0.016978537785319613,mean_difference,3,defined,,
40,murcko_unseen_any,ap,nearest_active,base,7,434954-2097;463203-2650;493248-485317;504329;540297-493091;588689;624273-588549,0.5977791708986525,0.2528613524094228,1.4131852643961587,geometric_ratio,3,defined,0.0,0.0
40,murcko_unseen_any,ap,base,headft,8,1053173-743445;434954-2097;463203-2650;493248-485317;504329;540297-493091;588689;624273-588549,-0.015442497911557815,-0.0430925984466933,0.01220760262357767,mean_difference,2,defined,,
40,murcko_unseen_any,ap,base,headft,8,1053173-743445;434954-2097;463203-2650;493248-485317;504329;540297-493091;588689;624273-588549,0.8118610170142168,0.5763159284255415,1.1436753322921818,geometric_ratio,2,defined,0.0,0.0
40,murcko_unseen_any,ap,nearest_active,headft,7,434954-2097;463203-2650;493248-485317;504329;540297-493091;588689;624273-588549,-0.03645792296352564,-0.09500955399860567,0.02209370807155439,mean_difference,3,defined,,
40,murcko_unseen_any,ap,nearest_active,headft,7,434954-2097;463203-2650;493248-485317;504329;540297-493091;588689;624273-588549,0.48512328861014814,0.18954494276207115,1.2416295667004136,geometric_ratio,3,defined,0.0,0.0
40,murcko_unseen_any,ef1,headft,base,8,1053173-743445;434954-2097;463203-2650;493248-485317;504329;540297-493091;588689;624273-588549,2.186707321627383,-2.587941723053737,6.961356366308504,mean_difference,6,defined,,
40,murcko_unseen_any,ef1,headft,base,8,1053173-743445;434954-2097;463203-2650;493248-485317;504329;540297-493091;588689;624273-588549,1.2404013678041268,0.7761256665605217,1.9824051948556065,geometric_ratio,6,defined,0.0,0.0
40,murcko_unseen_any,ef1,nearest_active,base,7,434954-2097;463203-2650;493248-485317;504329;540297-493091;588689;624273-588549,-2.856147433123586,-9.776148590279348,4.063853724032176,mean_difference,3,defined,,
40,murcko_unseen_any,ef1,nearest_active,base,7,434954-2097;463203-2650;493248-485317;504329;540297-493091;588689;624273-588549,0.6546648993495686,0.2507035715436208,1.7095334055335132,geometric_ratio,3,defined,0.0,0.0
40,murcko_unseen_any,ef1,base,headft,8,1053173-743445;434954-2097;463203-2650;493248-485317;504329;540297-493091;588689;624273-588549,-2.186707321627383,-6.961356366308504,2.587941723053737,mean_difference,2,defined,,
40,murcko_unseen_any,ef1,base,headft,8,1053173-743445;434954-2097;463203-2650;493248-485317;504329;540297-493091;588689;624273-588549,0.8061906621163217,0.5044377418879987,1.2884511401763064,geometric_ratio,2,defined,0.0,0.0
40,murcko_unseen_any,ef1,nearest_active,headft,7,434954-2097;463203-2650;493248-485317;504329;540297-493091;588689;624273-588549,-5.137301704240146,-14.504605657694063,4.23000224921377,mean_difference,2,defined,,
40,murcko_unseen_any,ef1,nearest_active,headft,7,434954-2097;463203-2650;493248-485317;504329;540297-493091;588689;624273-588549,0.5195502647215786,0.21846268661965595,1.2355999175374761,geometric_ratio,2,defined,0.0,0.0
40,similarity_active_03_04,ap,headft,base,5,434954-2097;463203-2650;504329;540297-493091;588689,0.08230055272464,-0.06650498522027658,0.23110609066955656,mean_difference,3,defined,,
40,similarity_active_03_04,ap,headft,base,5,434954-2097;463203-2650;504329;540297-493091;588689,1.338890695060428,0.8371510521510201,2.141343893331224,geometric_ratio,3,defined,0.0,0.0
40,similarity_active_03_04,ap,nearest_active,base,5,434954-2097;463203-2650;504329;540297-493091;588689,-0.09939266130496502,-0.23122699517814743,0.032441672568217395,mean_difference,1,defined,,
40,similarity_active_03_04,ap,nearest_active,base,5,434954-2097;463203-2650;504329;540297-493091;588689,0.2813666981578635,0.08743431760704298,0.9054478950480336,geometric_ratio,1,defined,0.0,0.0
40,similarity_active_03_04,ap,base,headft,5,434954-2097;463203-2650;504329;540297-493091;588689,-0.08230055272464,-0.23110609066955656,0.06650498522027658,mean_difference,2,defined,,
40,similarity_active_03_04,ap,base,headft,5,434954-2097;463203-2650;504329;540297-493091;588689,0.7468869592486541,0.46699645167424764,1.1945275556072552,geometric_ratio,2,defined,0.0,0.0
40,similarity_active_03_04,ap,nearest_active,headft,5,434954-2097;463203-2650;504329;540297-493091;588689,-0.181693214029605,-0.4409040451926515,0.07751761713344149,mean_difference,0,defined,,
40,similarity_active_03_04,ap,nearest_active,headft,5,434954-2097;463203-2650;504329;540297-493091;588689,0.2101491176209605,0.04982071862489056,0.8864314457079011,geometric_ratio,0,defined,0.0,0.0
40,similarity_active_03_04,ef1,headft,base,5,434954-2097;463203-2650;504329;540297-493091;588689,4.339465558886896,-14.265250026170047,22.94418114394384,mean_difference,3,defined,,
40,similarity_active_03_04,ef1,headft,base,5,434954-2097;463203-2650;504329;540297-493091;588689,,,,geometric_ratio,3,log_ratio_undefined_due_to_zero,1.0,1.0
40,similarity_active_03_04,ef1,nearest_active,base,5,434954-2097;463203-2650;504329;540297-493091;588689,-6.4697128140093785,-18.51750136055447,5.57807573253571,mean_difference,1,defined,,
40,similarity_active_03_04,ef1,nearest_active,base,5,434954-2097;463203-2650;504329;540297-493091;588689,,,,geometric_ratio,1,log_ratio_undefined_due_to_zero,4.0,1.0
40,similarity_active_03_04,ef1,base,headft,5,434954-2097;463203-2650;504329;540297-493091;588689,-4.339465558886896,-22.94418114394384,14.265250026170047,mean_difference,2,defined,,
40,similarity_active_03_04,ef1,base,headft,5,434954-2097;463203-2650;504329;540297-493091;588689,,,,geometric_ratio,2,log_ratio_undefined_due_to_zero,1.0,1.0
40,similarity_active_03_04,ef1,nearest_active,headft,5,434954-2097;463203-2650;504329;540297-493091;588689,-10.809178372896275,-28.430241832469044,6.811885086676492,mean_difference,1,defined,,
40,similarity_active_03_04,ef1,nearest_active,headft,5,434954-2097;463203-2650;504329;540297-493091;588689,,,,geometric_ratio,1,log_ratio_undefined_due_to_zero,4.0,1.0
40,similarity_active_04_055,ap,headft,base,2,434954-2097;504329,0.14801125623585504,-1.5838610909753779,1.879883603447088,mean_difference,2,defined,,
40,similarity_active_04_055,ap,headft,base,2,434954-2097;504329,1.3402823364444,0.04178828526473219,42.98708908501015,geometric_ratio,2,defined,0.0,0.0
40,similarity_active_04_055,ap,nearest_active,base,2,434954-2097;504329,-0.1999014496790247,-0.7468810602189497,0.3470781608609004,mean_difference,0,defined,,
40,similarity_active_04_055,ap,nearest_active,base,2,434954-2097;504329,0.5811707907506132,0.5692349510913751,0.5933569036372732,geometric_ratio,0,defined,0.0,0.0
40,similarity_active_04_055,ap,base,headft,2,434954-2097;504329,-0.14801125623585504,-1.879883603447088,1.5838610909753779,mean_difference,0,defined,,
40,similarity_active_04_055,ap,base,headft,2,434954-2097;504329,0.7461114518996601,0.02326279869805622,23.93015156436589,geometric_ratio,0,defined,0.0,0.0
40,similarity_active_04_055,ap,nearest_active,headft,2,434954-2097;504329,-0.34791270591487977,-1.532805442586188,0.8369800307564282,mean_difference,0,defined,,
40,similarity_active_04_055,ap,nearest_active,headft,2,434954-2097;504329,0.43361818248861345,0.013241998079136506,14.199120635802823,geometric_ratio,0,defined,0.0,0.0
40,similarity_active_04_055,ef1,headft,base,2,434954-2097;504329,5.201079622132253,-86.07439650561118,96.47655574987569,mean_difference,1,defined,,
40,similarity_active_04_055,ef1,headft,base,2,434954-2097;504329,,,,geometric_ratio,1,log_ratio_undefined_due_to_zero,0.0,1.0
40,similarity_active_04_055,ef1,nearest_active,base,2,434954-2097;504329,-1.9824561403508767,-27.17194974013579,23.207037459434037,mean_difference,0,defined,,
40,similarity_active_04_055,ef1,nearest_active,base,2,434954-2097;504329,,,,geometric_ratio,0,log_ratio_undefined_due_to_zero,2.0,1.0
40,similarity_active_04_055,ef1,base,headft,2,434954-2097;504329,-5.201079622132253,-96.47655574987569,86.07439650561118,mean_difference,1,defined,,
40,similarity_active_04_055,ef1,base,headft,2,434954-2097;504329,,,,geometric_ratio,1,log_ratio_undefined_due_to_zero,1.0,0.0
40,similarity_active_04_055,ef1,nearest_active,headft,2,434954-2097;504329,-7.18353576248313,-73.26951829044165,58.90244676547539,mean_difference,0,defined,,
40,similarity_active_04_055,ef1,nearest_active,headft,2,434954-2097;504329,,,,geometric_ratio,0,log_ratio_undefined_due_to_zero,2.0,0.0
40,similarity_active_ge055,ap,headft,base,1,434954-2097,0.0,,,mean_difference,0,defined,,
40,similarity_active_ge055,ap,headft,base,1,434954-2097,1.0,,,geometric_ratio,0,defined,0.0,0.0
40,similarity_active_ge055,ap,nearest_active,base,1,434954-2097,-0.18033309283309273,,,mean_difference,0,defined,,
40,similarity_active_ge055,ap,nearest_active,base,1,434954-2097,0.8196669071669073,,,geometric_ratio,0,defined,0.0,0.0
40,similarity_active_ge055,ap,base,headft,1,434954-2097,0.0,,,mean_difference,0,defined,,
40,similarity_active_ge055,ap,base,headft,1,434954-2097,1.0,,,geometric_ratio,0,defined,0.0,0.0
40,similarity_active_ge055,ap,nearest_active,headft,1,434954-2097,-0.18033309283309273,,,mean_difference,0,defined,,
40,similarity_active_ge055,ap,nearest_active,headft,1,434954-2097,0.8196669071669073,,,geometric_ratio,0,defined,0.0,0.0
40,similarity_active_ge055,ef1,headft,base,1,434954-2097,0.0,,,mean_difference,0,defined,,
40,similarity_active_ge055,ef1,headft,base,1,434954-2097,1.0,,,geometric_ratio,0,defined,0.0,0.0
40,similarity_active_ge055,ef1,nearest_active,base,1,434954-2097,0.0,,,mean_difference,0,defined,,
40,similarity_active_ge055,ef1,nearest_active,base,1,434954-2097,1.0,,,geometric_ratio,0,defined,0.0,0.0
40,similarity_active_ge055,ef1,base,headft,1,434954-2097,0.0,,,mean_difference,0,defined,,
40,similarity_active_ge055,ef1,base,headft,1,434954-2097,1.0,,,geometric_ratio,0,defined,0.0,0.0
40,similarity_active_ge055,ef1,nearest_active,headft,1,434954-2097,0.0,,,mean_difference,0,defined,,
40,similarity_active_ge055,ef1,nearest_active,headft,1,434954-2097,1.0,,,geometric_ratio,0,defined,0.0,0.0
40,similarity_active_lt03,ap,headft,base,7,434954-2097;463203-2650;493248-485317;504329;540297-493091;588689;624273-588549,0.00877668658385833,-0.017302931707706082,0.034856304875422746,mean_difference,5,defined,,
40,similarity_active_lt03,ap,headft,base,7,434954-2097;463203-2650;493248-485317;504329;540297-493091;588689;624273-588549,1.085713990654623,0.7095395914851166,1.661323601458133,geometric_ratio,5,defined,0.0,0.0
40,similarity_active_lt03,ap,nearest_active,base,7,434954-2097;463203-2650;493248-485317;504329;540297-493091;588689;624273-588549,-0.03105725767538684,-0.05921993627862809,-0.0028945790721455963,mean_difference,1,defined,,
40,similarity_active_lt03,ap,nearest_active,base,7,434954-2097;463203-2650;493248-485317;504329;540297-493091;588689;624273-588549,0.3199694867583794,0.1398872741102556,0.7318783864193898,geometric_ratio,1,defined,0.0,0.0
40,similarity_active_lt03,ap,base,headft,7,434954-2097;463203-2650;493248-485317;504329;540297-493091;588689;624273-588549,-0.00877668658385833,-0.034856304875422746,0.017302931707706082,mean_difference,2,defined,,
40,similarity_active_lt03,ap,base,headft,7,434954-2097;463203-2650;493248-485317;504329;540297-493091;588689;624273-588549,0.921052881889325,0.6019296897499719,1.4093646246109104,geometric_ratio,2,defined,0.0,0.0
40,similarity_active_lt03,ap,nearest_active,headft,7,434954-2097;463203-2650;493248-485317;504329;540297-493091;588689;624273-588549,-0.03983394425924517,-0.07991406489936814,0.00024617638087780225,mean_difference,1,defined,,
40,similarity_active_lt03,ap,nearest_active,headft,7,434954-2097;463203-2650;493248-485317;504329;540297-493091;588689;624273-588549,0.2947088178954535,0.1334115886750267,0.6510175630761652,geometric_ratio,1,defined,0.0,0.0
40,similarity_active_lt03,ef1,headft,base,7,434954-2097;463203-2650;493248-485317;504329;540297-493091;588689;624273-588549,0.8447584778604585,-5.543244974377715,7.232761930098632,mean_difference,5,defined,,
40,similarity_active_lt03,ef1,headft,base,7,434954-2097;463203-2650;493248-485317;504329;540297-493091;588689;624273-588549,1.1466552016829705,0.5943370210706184,2.2122433988347985,geometric_ratio,5,defined,0.0,0.0
40,similarity_active_lt03,ef1,nearest_active,base,7,434954-2097;463203-2650;493248-485317;504329;540297-493091;588689;624273-588549,-6.872042242424222,-14.295254784965753,0.5511703001173087,mean_difference,1,defined,,
40,similarity_active_lt03,ef1,nearest_active,base,7,434954-2097;463203-2650;493248-485317;504329;540297-493091;588689;624273-588549,,,,geometric_ratio,1,log_ratio_undefined_due_to_zero,1.0,0.0
40,similarity_active_lt03,ef1,base,headft,7,434954-2097;463203-2650;493248-485317;504329;540297-493091;588689;624273-588549,-0.8447584778604585,-7.232761930098632,5.543244974377715,mean_difference,2,defined,,
40,similarity_active_lt03,ef1,base,headft,7,434954-2097;463203-2650;493248-485317;504329;540297-493091;588689;624273-588549,0.8721017429932542,0.4520298266125264,1.6825470474624553,geometric_ratio,2,defined,0.0,0.0
40,similarity_active_lt03,ef1,nearest_active,headft,7,434954-2097;463203-2650;493248-485317;504329;540297-493091;588689;624273-588549,-7.716800720284681,-15.863426416920355,0.4298249763509929,mean_difference,1,defined,,
40,similarity_active_lt03,ef1,nearest_active,headft,7,434954-2097;463203-2650;493248-485317;504329;540297-493091;588689;624273-588549,,,,geometric_ratio,1,log_ratio_undefined_due_to_zero,1.0,0.0
40,similarity_any_lt03,ap,headft,base,8,1053173-743445;434954-2097;463203-2650;493248-485317;504329;540297-493091;588689;624273-588549,0.00754933696087285,-0.012592828422593575,0.027691502344339276,mean_difference,6,defined,,
40,similarity_any_lt03,ap,headft,base,8,1053173-743445;434954-2097;463203-2650;493248-485317;504329;540297-493091;588689;624273-588549,1.080004975310893,0.7667037872374911,1.5213316617346768,geometric_ratio,6,defined,0.0,0.0
40,similarity_any_lt03,ap,nearest_active,base,7,434954-2097;463203-2650;493248-485317;504329;540297-493091;588689;624273-588549,-0.03192290549972968,-0.060099471352513444,-0.0037463396469459218,mean_difference,1,defined,,
40,similarity_any_lt03,ap,nearest_active,base,7,434954-2097;463203-2650;493248-485317;504329;540297-493091;588689;624273-588549,0.3021728976859623,0.13343435821953792,0.6842949695587573,geometric_ratio,1,defined,0.0,0.0
40,similarity_any_lt03,ap,base,headft,8,1053173-743445;434954-2097;463203-2650;493248-485317;504329;540297-493091;588689;624273-588549,-0.00754933696087285,-0.027691502344339276,0.012592828422593575,mean_difference,2,defined,,
40,similarity_any_lt03,ap,base,headft,8,1053173-743445;434954-2097;463203-2650;493248-485317;504329;540297-493091;588689;624273-588549,0.9259216604184045,0.6573188642243626,1.3042846750543624,geometric_ratio,2,defined,0.0,0.0
40,similarity_any_lt03,ap,nearest_active,headft,7,434954-2097;463203-2650;493248-485317;504329;540297-493091;588689;624273-588549,-0.03968096588163489,-0.08095863650833246,0.0015967047450626756,mean_difference,1,defined,,
40,similarity_any_lt03,ap,nearest_active,headft,7,434954-2097;463203-2650;493248-485317;504329;540297-493091;588689;624273-588549,0.28647612197455025,0.12970152180621428,0.6327494644526627,geometric_ratio,1,defined,0.0,0.0
40,similarity_any_lt03,ef1,headft,base,8,1053173-743445;434954-2097;463203-2650;493248-485317;504329;540297-493091;588689;624273-588549,0.8587662666045537,-4.291223060279801,6.0087555934889085,mean_difference,6,defined,,
40,similarity_any_lt03,ef1,headft,base,8,1053173-743445;434954-2097;463203-2650;493248-485317;504329;540297-493091;588689;624273-588549,1.1334672162167987,0.6151521797200444,2.0885042312992335,geometric_ratio,6,defined,0.0,0.0
40,similarity_any_lt03,ef1,nearest_active,base,7,434954-2097;463203-2650;493248-485317;504329;540297-493091;588689;624273-588549,-7.41813379746594,-14.946446498605003,0.11017890367312244,mean_difference,1,defined,,
40,similarity_any_lt03,ef1,nearest_active,base,7,434954-2097;463203-2650;493248-485317;504329;540297-493091;588689;624273-588549,,,,geometric_ratio,1,log_ratio_undefined_due_to_zero,1.0,0.0
40,similarity_any_lt03,ef1,base,headft,8,1053173-743445;434954-2097;463203-2650;493248-485317;504329;540297-493091;588689;624273-588549,-0.8587662666045537,-6.0087555934889085,4.291223060279801,mean_difference,2,defined,,
40,similarity_any_lt03,ef1,base,headft,8,1053173-743445;434954-2097;463203-2650;493248-485317;504329;540297-493091;588689;624273-588549,0.8822487194095693,0.4788115748168305,1.6256140073422156,geometric_ratio,2,defined,0.0,0.0
40,similarity_any_lt03,ef1,nearest_active,headft,7,434954-2097;463203-2650;493248-485317;504329;540297-493091;588689;624273-588549,-8.17649607317135,-16.46772479202724,0.11473264568454056,mean_difference,1,defined,,
40,similarity_any_lt03,ef1,nearest_active,headft,7,434954-2097;463203-2650;493248-485317;504329;540297-493091;588689;624273-588549,,,,geometric_ratio,1,log_ratio_undefined_due_to_zero,1.0,0.0
100,all,ap,headft,base,8,1053173-743445;434954-2097;463203-2650;493248-485317;504329;540297-493091;588689;624273-588549,0.03453365745460938,0.0004364154007096832,0.06863089950850908,mean_difference,8,defined,,
100,all,ap,headft,base,8,1053173-743445;434954-2097;463203-2650;493248-485317;504329;540297-493091;588689;624273-588549,1.5562794232529273,1.1846937413457874,2.0444149898936046,geometric_ratio,8,defined,0.0,0.0
100,all,ap,nearest_active,base,8,1053173-743445;434954-2097;463203-2650;493248-485317;504329;540297-493091;588689;624273-588549,0.0021038742331449135,-0.04558908987277148,0.0497968383390613,mean_difference,3,defined,,
100,all,ap,nearest_active,base,8,1053173-743445;434954-2097;463203-2650;493248-485317;504329;540297-493091;588689;624273-588549,0.9007599701699424,0.545008111025448,1.4887274289073291,geometric_ratio,3,defined,0.0,0.0
100,all,ap,base,headft,8,1053173-743445;434954-2097;463203-2650;493248-485317;504329;540297-493091;588689;624273-588549,-0.03453365745460938,-0.06863089950850908,-0.0004364154007096832,mean_difference,0,defined,,
100,all,ap,base,headft,8,1053173-743445;434954-2097;463203-2650;493248-485317;504329;540297-493091;588689;624273-588549,0.6425581325940846,0.4891374818436653,0.8441000109142307,geometric_ratio,0,defined,0.0,0.0
100,all,ap,nearest_active,headft,8,1053173-743445;434954-2097;463203-2650;493248-485317;504329;540297-493091;588689;624273-588549,-0.03242978322146447,-0.09832838781226785,0.03346882136933892,mean_difference,1,defined,,
100,all,ap,nearest_active,headft,8,1053173-743445;434954-2097;463203-2650;493248-485317;504329;540297-493091;588689;624273-588549,0.5787906443479014,0.31688494930525524,1.0571616314347412,geometric_ratio,1,defined,0.0,0.0
100,all,ef1,headft,base,8,1053173-743445;434954-2097;463203-2650;493248-485317;504329;540297-493091;588689;624273-588549,5.545631242626608,1.3016616575006008,9.789600827752615,mean_difference,7,defined,,
100,all,ef1,headft,base,8,1053173-743445;434954-2097;463203-2650;493248-485317;504329;540297-493091;588689;624273-588549,1.5879838886298783,1.1313130992175962,2.2289964045250117,geometric_ratio,7,defined,0.0,0.0
100,all,ef1,nearest_active,base,8,1053173-743445;434954-2097;463203-2650;493248-485317;504329;540297-493091;588689;624273-588549,-1.8807008893015165,-7.331700570661507,3.5702987920584737,mean_difference,2,defined,,
100,all,ef1,nearest_active,base,8,1053173-743445;434954-2097;463203-2650;493248-485317;504329;540297-493091;588689;624273-588549,0.7861646230241556,0.5276162335667299,1.1714097769824299,geometric_ratio,2,defined,0.0,0.0
100,all,ef1,base,headft,8,1053173-743445;434954-2097;463203-2650;493248-485317;504329;540297-493091;588689;624273-588549,-5.545631242626608,-9.789600827752615,-1.3016616575006008,mean_difference,0,defined,,
100,all,ef1,base,headft,8,1053173-743445;434954-2097;463203-2650;493248-485317;504329;540297-493091;588689;624273-588549,0.6297293109584416,0.4486323970599204,0.8839285965057676,geometric_ratio,0,defined,0.0,0.0
100,all,ef1,nearest_active,headft,8,1053173-743445;434954-2097;463203-2650;493248-485317;504329;540297-493091;588689;624273-588549,-7.426332131928124,-14.857285842692276,0.004621578836028206,mean_difference,1,defined,,
100,all,ef1,nearest_active,headft,8,1053173-743445;434954-2097;463203-2650;493248-485317;504329;540297-493091;588689;624273-588549,0.49507090635690454,0.3244062207735767,0.7555194278845662,geometric_ratio,1,defined,0.0,0.0
100,canonical_not_in_training,ap,headft,base,8,1053173-743445;434954-2097;463203-2650;493248-485317;504329;540297-493091;588689;624273-588549,0.03453365745460938,0.0004364154007096832,0.06863089950850908,mean_difference,8,defined,,
100,canonical_not_in_training,ap,headft,base,8,1053173-743445;434954-2097;463203-2650;493248-485317;504329;540297-493091;588689;624273-588549,1.5562794232529273,1.1846937413457874,2.0444149898936046,geometric_ratio,8,defined,0.0,0.0
100,canonical_not_in_training,ap,nearest_active,base,8,1053173-743445;434954-2097;463203-2650;493248-485317;504329;540297-493091;588689;624273-588549,0.0021038742331449135,-0.04558908987277148,0.0497968383390613,mean_difference,3,defined,,
100,canonical_not_in_training,ap,nearest_active,base,8,1053173-743445;434954-2097;463203-2650;493248-485317;504329;540297-493091;588689;624273-588549,0.9007599701699424,0.545008111025448,1.4887274289073291,geometric_ratio,3,defined,0.0,0.0
100,canonical_not_in_training,ap,base,headft,8,1053173-743445;434954-2097;463203-2650;493248-485317;504329;540297-493091;588689;624273-588549,-0.03453365745460938,-0.06863089950850908,-0.0004364154007096832,mean_difference,0,defined,,
100,canonical_not_in_training,ap,base,headft,8,1053173-743445;434954-2097;463203-2650;493248-485317;504329;540297-493091;588689;624273-588549,0.6425581325940846,0.4891374818436653,0.8441000109142307,geometric_ratio,0,defined,0.0,0.0
100,canonical_not_in_training,ap,nearest_active,headft,8,1053173-743445;434954-2097;463203-2650;493248-485317;504329;540297-493091;588689;624273-588549,-0.03242978322146447,-0.09832838781226785,0.03346882136933892,mean_difference,1,defined,,
100,canonical_not_in_training,ap,nearest_active,headft,8,1053173-743445;434954-2097;463203-2650;493248-485317;504329;540297-493091;588689;624273-588549,0.5787906443479014,0.31688494930525524,1.0571616314347412,geometric_ratio,1,defined,0.0,0.0
100,canonical_not_in_training,ef1,headft,base,8,1053173-743445;434954-2097;463203-2650;493248-485317;504329;540297-493091;588689;624273-588549,5.545631242626608,1.3016616575006008,9.789600827752615,mean_difference,7,defined,,
100,canonical_not_in_training,ef1,headft,base,8,1053173-743445;434954-2097;463203-2650;493248-485317;504329;540297-493091;588689;624273-588549,1.5879838886298783,1.1313130992175962,2.2289964045250117,geometric_ratio,7,defined,0.0,0.0
100,canonical_not_in_training,ef1,nearest_active,base,8,1053173-743445;434954-2097;463203-2650;493248-485317;504329;540297-493091;588689;624273-588549,-1.8807008893015165,-7.331700570661507,3.5702987920584737,mean_difference,2,defined,,
100,canonical_not_in_training,ef1,nearest_active,base,8,1053173-743445;434954-2097;463203-2650;493248-485317;504329;540297-493091;588689;624273-588549,0.7861646230241556,0.5276162335667299,1.1714097769824299,geometric_ratio,2,defined,0.0,0.0
100,canonical_not_in_training,ef1,base,headft,8,1053173-743445;434954-2097;463203-2650;493248-485317;504329;540297-493091;588689;624273-588549,-5.545631242626608,-9.789600827752615,-1.3016616575006008,mean_difference,0,defined,,
100,canonical_not_in_training,ef1,base,headft,8,1053173-743445;434954-2097;463203-2650;493248-485317;504329;540297-493091;588689;624273-588549,0.6297293109584416,0.4486323970599204,0.8839285965057676,geometric_ratio,0,defined,0.0,0.0
100,canonical_not_in_training,ef1,nearest_active,headft,8,1053173-743445;434954-2097;463203-2650;493248-485317;504329;540297-493091;588689;624273-588549,-7.426332131928124,-14.857285842692276,0.004621578836028206,mean_difference,1,defined,,
100,canonical_not_in_training,ef1,nearest_active,headft,8,1053173-743445;434954-2097;463203-2650;493248-485317;504329;540297-493091;588689;624273-588549,0.49507090635690454,0.3244062207735767,0.7555194278845662,geometric_ratio,1,defined,0.0,0.0
100,generic_unseen_any,ap,headft,base,8,1053173-743445;434954-2097;463203-2650;493248-485317;504329;540297-493091;588689;624273-588549,0.027692527463225963,-0.004565546727076954,0.059950601653528876,mean_difference,7,defined,,
100,generic_unseen_any,ap,headft,base,8,1053173-743445;434954-2097;463203-2650;493248-485317;504329;540297-493091;588689;624273-588549,1.4579579076974347,1.088564251870559,1.9527016958023724,geometric_ratio,7,defined,0.0,0.0
100,generic_unseen_any,ap,nearest_active,base,8,1053173-743445;434954-2097;463203-2650;493248-485317;504329;540297-493091;588689;624273-588549,-0.012138131355074199,-0.04493729109529032,0.020661028385141927,mean_difference,3,defined,,
100,generic_unseen_any,ap,nearest_active,base,8,1053173-743445;434954-2097;463203-2650;493248-485317;504329;540297-493091;588689;624273-588549,0.7413131044369425,0.371810681775637,1.478024020680372,geometric_ratio,3,defined,0.0,0.0
100,generic_unseen_any,ap,base,headft,8,1053173-743445;434954-2097;463203-2650;493248-485317;504329;540297-493091;588689;624273-588549,-0.027692527463225963,-0.059950601653528876,0.004565546727076954,mean_difference,1,defined,,
100,generic_unseen_any,ap,base,headft,8,1053173-743445;434954-2097;463203-2650;493248-485317;504329;540297-493091;588689;624273-588549,0.68589085783643,0.5121109907107938,0.9186412269938384,geometric_ratio,1,defined,0.0,0.0
100,generic_unseen_any,ap,nearest_active,headft,8,1053173-743445;434954-2097;463203-2650;493248-485317;504329;540297-493091;588689;624273-588549,-0.03983065881830017,-0.09997263862874126,0.02031132099214092,mean_difference,2,defined,,
100,generic_unseen_any,ap,nearest_active,headft,8,1053173-743445;434954-2097;463203-2650;493248-485317;504329;540297-493091;588689;624273-588549,0.5084598811276415,0.2137321490527342,1.2096048809790796,geometric_ratio,2,defined,0.0,0.0
100,generic_unseen_any,ef1,headft,base,8,1053173-743445;434954-2097;463203-2650;493248-485317;504329;540297-493091;588689;624273-588549,4.86953325174406,-0.043115596101173104,9.782182099589292,mean_difference,6,defined,,
100,generic_unseen_any,ef1,headft,base,8,1053173-743445;434954-2097;463203-2650;493248-485317;504329;540297-493091;588689;624273-588549,1.538847040254989,1.01617185926203,2.3303638963406033,geometric_ratio,6,defined,0.0,0.0
100,generic_unseen_any,ef1,nearest_active,base,8,1053173-743445;434954-2097;463203-2650;493248-485317;504329;540297-493091;588689;624273-588549,-3.2347650514652795,-8.040627123543688,1.571097020613129,mean_difference,2,defined,,
100,generic_unseen_any,ef1,nearest_active,base,8,1053173-743445;434954-2097;463203-2650;493248-485317;504329;540297-493091;588689;624273-588549,0.6762317819089984,0.40881743602885157,1.118566339307374,geometric_ratio,2,defined,0.0,0.0
100,generic_unseen_any,ef1,base,headft,8,1053173-743445;434954-2097;463203-2650;493248-485317;504329;540297-493091;588689;624273-588549,-4.86953325174406,-9.782182099589292,0.043115596101173104,mean_difference,1,defined,,
100,generic_unseen_any,ef1,base,headft,8,1053173-743445;434954-2097;463203-2650;493248-485317;504329;540297-493091;588689;624273-588549,0.6498371662945127,0.42911753034378497,0.9840855076681867,geometric_ratio,1,defined,0.0,0.0
100,generic_unseen_any,ef1,nearest_active,headft,8,1053173-743445;434954-2097;463203-2650;493248-485317;504329;540297-493091;588689;624273-588549,-8.104298303209339,-16.626073253060554,0.41747664664187667,mean_difference,1,defined,,
100,generic_unseen_any,ef1,nearest_active,headft,8,1053173-743445;434954-2097;463203-2650;493248-485317;504329;540297-493091;588689;624273-588549,0.4394405449140324,0.24065627055081668,0.8024224428989698,geometric_ratio,1,defined,0.0,0.0
100,murcko_seen_any,ap,headft,base,4,434954-2097;463203-2650;493248-485317;588689,0.12667572966566634,0.013759043669144919,0.23959241566218775,mean_difference,4,defined,,
100,murcko_seen_any,ap,headft,base,4,434954-2097;463203-2650;493248-485317;588689,1.6866620025254155,0.7587097595900187,3.749561245001375,geometric_ratio,4,defined,0.0,0.0
100,murcko_seen_any,ap,nearest_active,base,4,434954-2097;463203-2650;493248-485317;588689,0.08678902740532968,0.0012077596029920201,0.17237029520766733,mean_difference,4,defined,,
100,murcko_seen_any,ap,nearest_active,base,4,434954-2097;463203-2650;493248-485317;588689,1.3309972351316677,1.0645304850048505,1.6641643098835932,geometric_ratio,4,defined,0.0,0.0
100,murcko_seen_any,ap,base,headft,4,434954-2097;463203-2650;493248-485317;588689,-0.12667572966566634,-0.23959241566218775,-0.013759043669144919,mean_difference,0,defined,,
100,murcko_seen_any,ap,base,headft,4,434954-2097;463203-2650;493248-485317;588689,0.5928870150052079,0.26669787067303463,1.3180270681378432,geometric_ratio,0,defined,0.0,0.0
100,murcko_seen_any,ap,nearest_active,headft,4,434954-2097;463203-2650;493248-485317;588689,-0.039886702260336665,-0.09959286587881358,0.01981946135814025,mean_difference,1,defined,,
100,murcko_seen_any,ap,nearest_active,headft,4,434954-2097;463203-2650;493248-485317;588689,0.7891309777173993,0.4418147160038028,1.4094770441912092,geometric_ratio,1,defined,0.0,0.0
100,murcko_seen_any,ef1,headft,base,4,434954-2097;463203-2650;493248-485317;588689,5.089285714285714,-8.019841206699997,18.198412635271428,mean_difference,2,defined,,
100,murcko_seen_any,ef1,headft,base,4,434954-2097;463203-2650;493248-485317;588689,,,,geometric_ratio,2,log_ratio_undefined_due_to_zero,0.0,1.0
100,murcko_seen_any,ef1,nearest_active,base,4,434954-2097;463203-2650;493248-485317;588689,5.266741071428571,2.5713582519720277,7.962123890885115,mean_difference,4,defined,,
100,murcko_seen_any,ef1,nearest_active,base,4,434954-2097;463203-2650;493248-485317;588689,,,,geometric_ratio,4,log_ratio_undefined_due_to_zero,0.0,1.0
100,murcko_seen_any,ef1,base,headft,4,434954-2097;463203-2650;493248-485317;588689,-5.089285714285714,-18.198412635271428,8.019841206699997,mean_difference,0,defined,,
100,murcko_seen_any,ef1,base,headft,4,434954-2097;463203-2650;493248-485317;588689,,,,geometric_ratio,0,log_ratio_undefined_due_to_zero,1.0,0.0
100,murcko_seen_any,ef1,nearest_active,headft,4,434954-2097;463203-2650;493248-485317;588689,0.17745535714285698,-13.10296472040719,13.457875434692905,mean_difference,2,defined,,
100,murcko_seen_any,ef1,nearest_active,headft,4,434954-2097;463203-2650;493248-485317;588689,1.0745699318235418,0.279637958390793,4.1292696636182775,geometric_ratio,2,defined,0.0,0.0
100,murcko_unseen_active,ap,headft,base,8,1053173-743445;434954-2097;463203-2650;493248-485317;504329;540297-493091;588689;624273-588549,0.02975052566761064,-0.0011108727556666913,0.060611924090887975,mean_difference,8,defined,,
100,murcko_unseen_active,ap,headft,base,8,1053173-743445;434954-2097;463203-2650;493248-485317;504329;540297-493091;588689;624273-588549,1.508979147537455,1.1548209864767613,1.9717498160903792,geometric_ratio,8,defined,0.0,0.0
100,murcko_unseen_active,ap,nearest_active,base,8,1053173-743445;434954-2097;463203-2650;493248-485317;504329;540297-493091;588689;624273-588549,-0.0078382856907023,-0.04917023717355437,0.03349366579214977,mean_difference,2,defined,,
100,murcko_unseen_active,ap,nearest_active,base,8,1053173-743445;434954-2097;463203-2650;493248-485317;504329;540297-493091;588689;624273-588549,0.732909565646091,0.38382697936097526,1.3994754415383754,geometric_ratio,2,defined,0.0,0.0
100,murcko_unseen_active,ap,base,headft,8,1053173-743445;434954-2097;463203-2650;493248-485317;504329;540297-493091;588689;624273-588549,-0.02975052566761064,-0.060611924090887975,0.0011108727556666913,mean_difference,0,defined,,
100,murcko_unseen_active,ap,base,headft,8,1053173-743445;434954-2097;463203-2650;493248-485317;504329;540297-493091;588689;624273-588549,0.6626996811930289,0.5071637343843236,0.8659350771333797,geometric_ratio,0,defined,0.0,0.0
100,murcko_unseen_active,ap,nearest_active,headft,8,1053173-743445;434954-2097;463203-2650;493248-485317;504329;540297-493091;588689;624273-588549,-0.03758881135831294,-0.09966032626496274,0.02448270354833685,mean_difference,2,defined,,
100,murcko_unseen_active,ap,nearest_active,headft,8,1053173-743445;434954-2097;463203-2650;493248-485317;504329;540297-493091;588689;624273-588549,0.48569893549698584,0.22458974938121642,1.0503749908126263,geometric_ratio,2,defined,0.0,0.0
100,murcko_unseen_active,ef1,headft,base,8,1053173-743445;434954-2097;463203-2650;493248-485317;504329;540297-493091;588689;624273-588549,5.130727431402413,0.8469982016855937,9.414456661119232,mean_difference,7,defined,,
100,murcko_unseen_active,ef1,headft,base,8,1053173-743445;434954-2097;463203-2650;493248-485317;504329;540297-493091;588689;624273-588549,1.5658110177739017,1.1005576186649806,2.2277471908796813,geometric_ratio,7,defined,0.0,0.0
100,murcko_unseen_active,ef1,nearest_active,base,8,1053173-743445;434954-2097;463203-2650;493248-485317;504329;540297-493091;588689;624273-588549,-2.542433065855869,-8.296120230608668,3.211254098896931,mean_difference,2,defined,,
100,murcko_unseen_active,ef1,nearest_active,base,8,1053173-743445;434954-2097;463203-2650;493248-485317;504329;540297-493091;588689;624273-588549,0.7094641825909386,0.4340474293750579,1.1596415329636611,geometric_ratio,2,defined,0.0,0.0
100,murcko_unseen_active,ef1,base,headft,8,1053173-743445;434954-2097;463203-2650;493248-485317;504329;540297-493091;588689;624273-588549,-5.130727431402413,-9.414456661119232,-0.8469982016855937,mean_difference,1,defined,,
100,murcko_unseen_active,ef1,base,headft,8,1053173-743445;434954-2097;463203-2650;493248-485317;504329;540297-493091;588689;624273-588549,0.6386466748852555,0.448883968564281,0.9086303007134138,geometric_ratio,1,defined,0.0,0.0
100,murcko_unseen_active,ef1,nearest_active,headft,8,1053173-743445;434954-2097;463203-2650;493248-485317;504329;540297-493091;588689;624273-588549,-7.673160497258282,-15.906295882949127,0.5599748884325635,mean_difference,1,defined,,
100,murcko_unseen_active,ef1,nearest_active,headft,8,1053173-743445;434954-2097;463203-2650;493248-485317;504329;540297-493091;588689;624273-588549,0.45309694116188876,0.2625327379363308,0.7819856666411198,geometric_ratio,1,defined,0.0,0.0
100,murcko_unseen_any,ap,headft,base,8,1053173-743445;434954-2097;463203-2650;493248-485317;504329;540297-493091;588689;624273-588549,0.029568614487704138,-0.0014226482568322728,0.060559877232240544,mean_difference,8,defined,,
100,murcko_unseen_any,ap,headft,base,8,1053173-743445;434954-2097;463203-2650;493248-485317;504329;540297-493091;588689;624273-588549,1.4958696187528056,1.1497066729968322,1.946258092488108,geometric_ratio,8,defined,0.0,0.0
100,murcko_unseen_any,ap,nearest_active,base,8,1053173-743445;434954-2097;463203-2650;493248-485317;504329;540297-493091;588689;624273-588549,-0.007111717638812687,-0.04873482324438815,0.03451138796676278,mean_difference,2,defined,,
100,murcko_unseen_any,ap,nearest_active,base,8,1053173-743445;434954-2097;463203-2650;493248-485317;504329;540297-493091;588689;624273-588549,0.7694046039997339,0.38373671443948165,1.5426812769809857,geometric_ratio,2,defined,0.0,0.0
100,murcko_unseen_any,ap,base,headft,8,1053173-743445;434954-2097;463203-2650;493248-485317;504329;540297-493091;588689;624273-588549,-0.029568614487704138,-0.060559877232240544,0.0014226482568322728,mean_difference,0,defined,,
100,murcko_unseen_any,ap,base,headft,8,1053173-743445;434954-2097;463203-2650;493248-485317;504329;540297-493091;588689;624273-588549,0.6685074604521742,0.513806469891973,0.8697870713348077,geometric_ratio,0,defined,0.0,0.0
100,murcko_unseen_any,ap,nearest_active,headft,8,1053173-743445;434954-2097;463203-2650;493248-485317;504329;540297-493091;588689;624273-588549,-0.03668033212651683,-0.09944299539971393,0.026082331146680272,mean_difference,2,defined,,
100,murcko_unseen_any,ap,nearest_active,headft,8,1053173-743445;434954-2097;463203-2650;493248-485317;504329;540297-493091;588689;624273-588549,0.5143527178800729,0.22670463942084995,1.1669753167225496,geometric_ratio,2,defined,0.0,0.0
100,murcko_unseen_any,ef1,headft,base,8,1053173-743445;434954-2097;463203-2650;493248-485317;504329;540297-493091;588689;624273-588549,5.243088135480831,0.9597664374333057,9.526409833528357,mean_difference,7,defined,,
100,murcko_unseen_any,ef1,headft,base,8,1053173-743445;434954-2097;463203-2650;493248-485317;504329;540297-493091;588689;624273-588549,1.607619571992048,1.0893385652252778,2.3724861771669925,geometric_ratio,7,defined,0.0,0.0
100,murcko_unseen_any,ef1,nearest_active,base,8,1053173-743445;434954-2097;463203-2650;493248-485317;504329;540297-493091;588689;624273-588549,-2.2696447629995626,-7.959513313128237,3.420223787129112,mean_difference,2,defined,,
100,murcko_unseen_any,ef1,nearest_active,base,8,1053173-743445;434954-2097;463203-2650;493248-485317;504329;540297-493091;588689;624273-588549,0.7308806518813906,0.4405640896989432,1.2125058301043095,geometric_ratio,2,defined,0.0,0.0
100,murcko_unseen_any,ef1,base,headft,8,1053173-743445;434954-2097;463203-2650;493248-485317;504329;540297-493091;588689;624273-588549,-5.243088135480831,-9.526409833528357,-0.9597664374333057,mean_difference,0,defined,,
100,murcko_unseen_any,ef1,base,headft,8,1053173-743445;434954-2097;463203-2650;493248-485317;504329;540297-493091;588689;624273-588549,0.6220377117957522,0.4214987676742164,0.9179882471095637,geometric_ratio,0,defined,0.0,0.0
100,murcko_unseen_any,ef1,nearest_active,headft,8,1053173-743445;434954-2097;463203-2650;493248-485317;504329;540297-493091;588689;624273-588549,-7.512732898480394,-15.77773247825543,0.7522666812946426,mean_difference,1,defined,,
100,murcko_unseen_any,ef1,nearest_active,headft,8,1053173-743445;434954-2097;463203-2650;493248-485317;504329;540297-493091;588689;624273-588549,0.45463532829208786,0.2613782391006112,0.7907822871654322,geometric_ratio,1,defined,0.0,0.0
100,similarity_active_03_04,ap,headft,base,6,434954-2097;463203-2650;493248-485317;504329;540297-493091;588689,0.07823064686551169,-0.007440710208542825,0.16390200393956622,mean_difference,5,defined,,
100,similarity_active_03_04,ap,headft,base,6,434954-2097;463203-2650;493248-485317;504329;540297-493091;588689,1.4784501145061775,1.0459986955768323,2.0896916509804324,geometric_ratio,5,defined,0.0,0.0
100,similarity_active_03_04,ap,nearest_active,base,6,434954-2097;463203-2650;493248-485317;504329;540297-493091;588689,-0.08164283358089984,-0.16503798516728738,0.0017523180054876963,mean_difference,0,defined,,
100,similarity_active_03_04,ap,nearest_active,base,6,434954-2097;463203-2650;493248-485317;504329;540297-493091;588689,0.38657314992029035,0.17494302701879427,0.854214099217804,geometric_ratio,0,defined,0.0,0.0
100,similarity_active_03_04,ap,base,headft,6,434954-2097;463203-2650;493248-485317;504329;540297-493091;588689,-0.07823064686551169,-0.16390200393956622,0.007440710208542825,mean_difference,1,defined,,
100,similarity_active_03_04,ap,base,headft,6,434954-2097;463203-2650;493248-485317;504329;540297-493091;588689,0.676383998478037,0.4785395010459196,0.9560241367686738,geometric_ratio,1,defined,0.0,0.0
100,similarity_active_03_04,ap,nearest_active,headft,6,434954-2097;463203-2650;493248-485317;504329;540297-493091;588689,-0.1598734804464115,-0.32082021903462377,0.0010732581418007592,mean_difference,0,defined,,
100,similarity_active_03_04,ap,nearest_active,headft,6,434954-2097;463203-2650;493248-485317;504329;540297-493091;588689,0.26147189284733563,0.09308181963998641,0.7344887649768183,geometric_ratio,0,defined,0.0,0.0
100,similarity_active_03_04,ef1,headft,base,6,434954-2097;463203-2650;493248-485317;504329;540297-493091;588689,7.356644122463291,2.903700071024897,11.809588173901686,mean_difference,6,defined,,
100,similarity_active_03_04,ef1,headft,base,6,434954-2097;463203-2650;493248-485317;504329;540297-493091;588689,,,,geometric_ratio,6,log_ratio_undefined_due_to_zero,0.0,1.0
100,similarity_active_03_04,ef1,nearest_active,base,6,434954-2097;463203-2650;493248-485317;504329;540297-493091;588689,-2.175190731936368,-7.730296788239667,3.379915324366931,mean_difference,1,defined,,
100,similarity_active_03_04,ef1,nearest_active,base,6,434954-2097;463203-2650;493248-485317;504329;540297-493091;588689,,,,geometric_ratio,1,log_ratio_undefined_due_to_zero,4.0,1.0
100,similarity_active_03_04,ef1,base,headft,6,434954-2097;463203-2650;493248-485317;504329;540297-493091;588689,-7.356644122463291,-11.809588173901686,-2.903700071024897,mean_difference,0,defined,,
100,similarity_active_03_04,ef1,base,headft,6,434954-2097;463203-2650;493248-485317;504329;540297-493091;588689,,,,geometric_ratio,0,log_ratio_undefined_due_to_zero,1.0,0.0
100,similarity_active_03_04,ef1,nearest_active,headft,6,434954-2097;463203-2650;493248-485317;504329;540297-493091;588689,-9.53183485439966,-16.910186327119625,-2.1534833816796954,mean_difference,0,defined,,
100,similarity_active_03_04,ef1,nearest_active,headft,6,434954-2097;463203-2650;493248-485317;504329;540297-493091;588689,,,,geometric_ratio,0,log_ratio_undefined_due_to_zero,4.0,0.0
100,similarity_active_04_055,ap,headft,base,4,434954-2097;463203-2650;504329;588689,0.13540414024220399,-0.09490828071645699,0.36571656120086493,mean_difference,3,defined,,
100,similarity_active_04_055,ap,headft,base,4,434954-2097;463203-2650;504329;588689,1.3508805440529237,0.8082175829325617,2.2579046569109256,geometric_ratio,3,defined,0.0,0.0
100,similarity_active_04_055,ap,nearest_active,base,4,434954-2097;463203-2650;504329;588689,-0.08964613727243614,-0.20895133581585967,0.0296590612709874,mean_difference,0,defined,,
100,similarity_active_04_055,ap,nearest_active,base,4,434954-2097;463203-2650;504329;588689,0.698939550717917,0.4091420026274599,1.1940023082953364,geometric_ratio,0,defined,0.0,0.0
100,similarity_active_04_055,ap,base,headft,4,434954-2097;463203-2650;504329;588689,-0.13540414024220399,-0.36571656120086493,0.09490828071645699,mean_difference,1,defined,,
100,similarity_active_04_055,ap,base,headft,4,434954-2097;463203-2650;504329;588689,0.7402579039296777,0.4428884970582042,1.237290577583785,geometric_ratio,1,defined,0.0,0.0
100,similarity_active_04_055,ap,nearest_active,headft,4,434954-2097;463203-2650;504329;588689,-0.22505027751464016,-0.5154780188591142,0.06537746382983381,mean_difference,0,defined,,
100,similarity_active_04_055,ap,nearest_active,headft,4,434954-2097;463203-2650;504329;588689,0.5173955267879959,0.23510495765177336,1.1386324380991146,geometric_ratio,0,defined,0.0,0.0
100,similarity_active_04_055,ef1,headft,base,4,434954-2097;463203-2650;504329;588689,1.8449359582542697,-2.3698322941648065,6.059704210673345,mean_difference,2,defined,,
100,similarity_active_04_055,ef1,headft,base,4,434954-2097;463203-2650;504329;588689,,,,geometric_ratio,2,log_ratio_undefined_due_to_zero,0.0,1.0
100,similarity_active_04_055,ef1,nearest_active,base,4,434954-2097;463203-2650;504329;588689,2.4873250711574952,-3.8142392970970977,8.788889439412088,mean_difference,2,defined,,
100,similarity_active_04_055,ef1,nearest_active,base,4,434954-2097;463203-2650;504329;588689,,,,geometric_ratio,2,log_ratio_undefined_due_to_zero,1.0,1.0
100,similarity_active_04_055,ef1,base,headft,4,434954-2097;463203-2650;504329;588689,-1.8449359582542697,-6.059704210673345,2.3698322941648065,mean_difference,0,defined,,
100,similarity_active_04_055,ef1,base,headft,4,434954-2097;463203-2650;504329;588689,,,,geometric_ratio,0,log_ratio_undefined_due_to_zero,1.0,0.0
100,similarity_active_04_055,ef1,nearest_active,headft,4,434954-2097;463203-2650;504329;588689,0.6423891129032258,-5.716073972201112,7.000852198007564,mean_difference,1,defined,,
100,similarity_active_04_055,ef1,nearest_active,headft,4,434954-2097;463203-2650;504329;588689,,,,geometric_ratio,1,log_ratio_undefined_due_to_zero,1.0,0.0
100,similarity_active_ge055,ap,headft,base,3,434954-2097;463203-2650;588689,0.036660735557029665,-0.08529909481675393,0.15862056593081328,mean_difference,2,defined,,
100,similarity_active_ge055,ap,headft,base,3,434954-2097;463203-2650;588689,1.0778318966699514,0.8692963437870199,1.3363930560413928,geometric_ratio,2,defined,0.0,0.0
100,similarity_active_ge055,ap,nearest_active,base,3,434954-2097;463203-2650;588689,0.003556100443631305,-0.2813917027519125,0.2885039036391751,mean_difference,1,defined,,
100,similarity_active_ge055,ap,nearest_active,base,3,434954-2097;463203-2650;588689,1.0204231670188582,0.6090682672769413,1.7096005418967877,geometric_ratio,1,defined,0.0,0.0
100,similarity_active_ge055,ap,base,headft,3,434954-2097;463203-2650;588689,-0.036660735557029665,-0.15862056593081328,0.08529909481675393,mean_difference,1,defined,,
100,similarity_active_ge055,ap,base,headft,3,434954-2097;463203-2650;588689,0.9277884641283864,0.7482828464869143,1.1503556953243126,geometric_ratio,1,defined,0.0,0.0
100,similarity_active_ge055,ap,nearest_active,headft,3,434954-2097;463203-2650;588689,-0.03310463511339836,-0.26929768506198687,0.20308841483519016,mean_difference,1,defined,,
100,similarity_active_ge055,ap,nearest_active,headft,3,434954-2097;463203-2650;588689,0.9467368428894504,0.6135870772026489,1.4607717192653,geometric_ratio,1,defined,0.0,0.0
100,similarity_active_ge055,ef1,headft,base,3,434954-2097;463203-2650;588689,2.306060606060606,-2.734586540968326,7.346707753089538,mean_difference,2,defined,,
100,similarity_active_ge055,ef1,headft,base,3,434954-2097;463203-2650;588689,,,,geometric_ratio,2,log_ratio_undefined_due_to_zero,0.0,2.0
100,similarity_active_ge055,ef1,nearest_active,base,3,434954-2097;463203-2650;588689,2.306060606060606,-2.734586540968326,7.346707753089538,mean_difference,2,defined,,
100,similarity_active_ge055,ef1,nearest_active,base,3,434954-2097;463203-2650;588689,,,,geometric_ratio,2,log_ratio_undefined_due_to_zero,0.0,2.0
100,similarity_active_ge055,ef1,base,headft,3,434954-2097;463203-2650;588689,-2.306060606060606,-7.346707753089538,2.734586540968326,mean_difference,0,defined,,
100,similarity_active_ge055,ef1,base,headft,3,434954-2097;463203-2650;588689,,,,geometric_ratio,0,log_ratio_undefined_due_to_zero,2.0,0.0
100,similarity_active_ge055,ef1,nearest_active,headft,3,434954-2097;463203-2650;588689,0.0,0.0,0.0,mean_difference,0,defined,,
100,similarity_active_ge055,ef1,nearest_active,headft,3,434954-2097;463203-2650;588689,1.0,1.0,1.0,geometric_ratio,0,defined,0.0,0.0
100,similarity_active_lt03,ap,headft,base,8,1053173-743445;434954-2097;463203-2650;493248-485317;504329;540297-493091;588689;624273-588549,0.016275101870054962,-0.0054769529445071324,0.03802715668461706,mean_difference,6,defined,,
100,similarity_active_lt03,ap,headft,base,8,1053173-743445;434954-2097;463203-2650;493248-485317;504329;540297-493091;588689;624273-588549,1.2342031238454694,0.9165558659450829,1.661936175968115,geometric_ratio,6,defined,0.0,0.0
100,similarity_active_lt03,ap,nearest_active,base,8,1053173-743445;434954-2097;463203-2650;493248-485317;504329;540297-493091;588689;624273-588549,-0.026775988843736498,-0.04408581889202553,-0.009466158795447467,mean_difference,0,defined,,
100,similarity_active_lt03,ap,nearest_active,base,8,1053173-743445;434954-2097;463203-2650;493248-485317;504329;540297-493091;588689;624273-588549,0.29826925883555655,0.17090540438703525,0.5205484933925296,geometric_ratio,0,defined,0.0,0.0
100,similarity_active_lt03,ap,base,headft,8,1053173-743445;434954-2097;463203-2650;493248-485317;504329;540297-493091;588689;624273-588549,-0.016275101870054962,-0.03802715668461706,0.0054769529445071324,mean_difference,2,defined,,
100,similarity_active_lt03,ap,base,headft,8,1053173-743445;434954-2097;463203-2650;493248-485317;504329;540297-493091;588689;624273-588549,0.810239401180779,0.6017078239586894,1.0910409688654121,geometric_ratio,2,defined,0.0,0.0
100,similarity_active_lt03,ap,nearest_active,headft,8,1053173-743445;434954-2097;463203-2650;493248-485317;504329;540297-493091;588689;624273-588549,-0.043051090713791464,-0.0782563848875249,-0.007845796540058035,mean_difference,0,defined,,
100,similarity_active_lt03,ap,nearest_active,headft,8,1053173-743445;434954-2097;463203-2650;493248-485317;504329;540297-493091;588689;624273-588549,0.24166950566955608,0.13234769271513983,0.441293299281571,geometric_ratio,0,defined,0.0,0.0
100,similarity_active_lt03,ef1,headft,base,8,1053173-743445;434954-2097;463203-2650;493248-485317;504329;540297-493091;588689;624273-588549,3.250592987437139,-1.4539694709826612,7.9551554458569385,mean_difference,5,defined,,
100,similarity_active_lt03,ef1,headft,base,8,1053173-743445;434954-2097;463203-2650;493248-485317;504329;540297-493091;588689;624273-588549,1.4272175742838336,0.8938170024653849,2.278934053308653,geometric_ratio,5,defined,0.0,0.0
100,similarity_active_lt03,ef1,nearest_active,base,8,1053173-743445;434954-2097;463203-2650;493248-485317;504329;540297-493091;588689;624273-588549,-7.331019982460729,-12.096360633999215,-2.5656793309222437,mean_difference,0,defined,,
100,similarity_active_lt03,ef1,nearest_active,base,8,1053173-743445;434954-2097;463203-2650;493248-485317;504329;540297-493091;588689;624273-588549,0.23952233599995518,0.1140409663231205,0.5030731612736619,geometric_ratio,0,defined,0.0,0.0
100,similarity_active_lt03,ef1,base,headft,8,1053173-743445;434954-2097;463203-2650;493248-485317;504329;540297-493091;588689;624273-588549,-3.250592987437139,-7.9551554458569385,1.4539694709826612,mean_difference,2,defined,,
100,similarity_active_lt03,ef1,base,headft,8,1053173-743445;434954-2097;463203-2650;493248-485317;504329;540297-493091;588689;624273-588549,0.7006640178893481,0.43880163998083116,1.1187972451203478,geometric_ratio,2,defined,0.0,0.0
100,similarity_active_lt03,ef1,nearest_active,headft,8,1053173-743445;434954-2097;463203-2650;493248-485317;504329;540297-493091;588689;624273-588549,-10.581612969897868,-17.179071737382145,-3.98415420241359,mean_difference,0,defined,,
100,similarity_active_lt03,ef1,nearest_active,headft,8,1053173-743445;434954-2097;463203-2650;493248-485317;504329;540297-493091;588689;624273-588549,0.16782468231597103,0.09257392136081087,0.30424468986985875,geometric_ratio,0,defined,0.0,0.0
100,similarity_any_lt03,ap,headft,base,8,1053173-743445;434954-2097;463203-2650;493248-485317;504329;540297-493091;588689;624273-588549,0.015035686528481437,-0.005186891965223329,0.0352582650221862,mean_difference,7,defined,,
100,similarity_any_lt03,ap,headft,base,8,1053173-743445;434954-2097;463203-2650;493248-485317;504329;540297-493091;588689;624273-588549,1.2029262864814514,0.9371857816522902,1.5440179301022783,geometric_ratio,7,defined,0.0,0.0
100,similarity_any_lt03,ap,nearest_active,base,8,1053173-743445;434954-2097;463203-2650;493248-485317;504329;540297-493091;588689;624273-588549,-0.028888969348230976,-0.0470440824566617,-0.010733856239800249,mean_difference,0,defined,,
100,similarity_any_lt03,ap,nearest_active,base,8,1053173-743445;434954-2097;463203-2650;493248-485317;504329;540297-493091;588689;624273-588549,0.2716706689729929,0.15639225377610888,0.47192204599783205,geometric_ratio,0,defined,0.0,0.0
100,similarity_any_lt03,ap,base,headft,8,1053173-743445;434954-2097;463203-2650;493248-485317;504329;540297-493091;588689;624273-588549,-0.015035686528481437,-0.0352582650221862,0.005186891965223329,mean_difference,1,defined,,
100,similarity_any_lt03,ap,base,headft,8,1053173-743445;434954-2097;463203-2650;493248-485317;504329;540297-493091;588689;624273-588549,0.8313061334165297,0.6476608726517563,1.0670242971857364,geometric_ratio,1,defined,0.0,0.0
100,similarity_any_lt03,ap,nearest_active,headft,8,1053173-743445;434954-2097;463203-2650;493248-485317;504329;540297-493091;588689;624273-588549,-0.04392465587671241,-0.08031801307886416,-0.007531298674560656,mean_difference,0,defined,,
100,similarity_any_lt03,ap,nearest_active,headft,8,1053173-743445;434954-2097;463203-2650;493248-485317;504329;540297-493091;588689;624273-588549,0.22584149338662066,0.12207614470774632,0.41780792027144154,geometric_ratio,0,defined,0.0,0.0
100,similarity_any_lt03,ef1,headft,base,8,1053173-743445;434954-2097;463203-2650;493248-485317;504329;540297-493091;588689;624273-588549,3.6376013320378595,0.15789673376804192,7.117305930307677,mean_difference,7,defined,,
100,similarity_any_lt03,ef1,headft,base,8,1053173-743445;434954-2097;463203-2650;493248-485317;504329;540297-493091;588689;624273-588549,1.420758142956747,0.9969334909741644,2.024762653730745,geometric_ratio,7,defined,0.0,0.0
100,similarity_any_lt03,ef1,nearest_active,base,8,1053173-743445;434954-2097;463203-2650;493248-485317;504329;540297-493091;588689;624273-588549,-7.783756712303501,-12.482470121327056,-3.085043303279946,mean_difference,0,defined,,
100,similarity_any_lt03,ef1,nearest_active,base,8,1053173-743445;434954-2097;463203-2650;493248-485317;504329;540297-493091;588689;624273-588549,,,,geometric_ratio,0,log_ratio_undefined_due_to_zero,1.0,0.0
100,similarity_any_lt03,ef1,base,headft,8,1053173-743445;434954-2097;463203-2650;493248-485317;504329;540297-493091;588689;624273-588549,-3.6376013320378595,-7.117305930307677,-0.15789673376804192,mean_difference,1,defined,,
100,similarity_any_lt03,ef1,base,headft,8,1053173-743445;434954-2097;463203-2650;493248-485317;504329;540297-493091;588689;624273-588549,0.7038495643733527,0.49388504778939935,1.0030759414279875,geometric_ratio,1,defined,0.0,0.0
100,similarity_any_lt03,ef1,nearest_active,headft,8,1053173-743445;434954-2097;463203-2650;493248-485317;504329;540297-493091;588689;624273-588549,-11.42135804434136,-18.0394364112531,-4.8032796774296225,mean_difference,0,defined,,
100,similarity_any_lt03,ef1,nearest_active,headft,8,1053173-743445;434954-2097;463203-2650;493248-485317;504329;540297-493091;588689;624273-588549,,,,geometric_ratio,0,log_ratio_undefined_due_to_zero,1.0,0.0
300,all,ap,headft,base,8,1053173-743445;434954-2097;463203-2650;493248-485317;504329;540297-493091;588689;624273-588549,0.08158033377854002,0.015470716751768282,0.14768995080531175,mean_difference,8,defined,,
300,all,ap,headft,base,8,1053173-743445;434954-2097;463203-2650;493248-485317;504329;540297-493091;588689;624273-588549,2.136584856391168,1.4384175007707045,3.173622989232362,geometric_ratio,8,defined,0.0,0.0
300,all,ap,nearest_active,base,8,1053173-743445;434954-2097;463203-2650;493248-485317;504329;540297-493091;588689;624273-588549,0.052399630578222216,-0.007882137341182455,0.11268139849762689,mean_difference,8,defined,,
300,all,ap,nearest_active,base,8,1053173-743445;434954-2097;463203-2650;493248-485317;504329;540297-493091;588689;624273-588549,1.6872786375967805,1.2693523008872916,2.242804616890383,geometric_ratio,8,defined,0.0,0.0
300,all,ap,base,headft,8,1053173-743445;434954-2097;463203-2650;493248-485317;504329;540297-493091;588689;624273-588549,-0.08158033377854002,-0.14768995080531175,-0.015470716751768282,mean_difference,0,defined,,
300,all,ap,base,headft,8,1053173-743445;434954-2097;463203-2650;493248-485317;504329;540297-493091;588689;624273-588549,0.4680366412823246,0.31509728893219313,0.695208449191003,geometric_ratio,0,defined,0.0,0.0
300,all,ap,nearest_active,headft,8,1053173-743445;434954-2097;463203-2650;493248-485317;504329;540297-493091;588689;624273-588549,-0.029180703200317792,-0.07409218958330405,0.01573078318266847,mean_difference,3,defined,,
300,all,ap,nearest_active,headft,8,1053173-743445;434954-2097;463203-2650;493248-485317;504329;540297-493091;588689;624273-588549,0.7897082264482137,0.5584267627401787,1.1167786440961571,geometric_ratio,3,defined,0.0,0.0
300,all,ef1,headft,base,8,1053173-743445;434954-2097;463203-2650;493248-485317;504329;540297-493091;588689;624273-588549,8.68917706312584,2.1989776846218234,15.179376441629856,mean_difference,8,defined,,
300,all,ef1,headft,base,8,1053173-743445;434954-2097;463203-2650;493248-485317;504329;540297-493091;588689;624273-588549,1.766083302298525,1.276169845294085,2.4440714080177144,geometric_ratio,8,defined,0.0,0.0
300,all,ef1,nearest_active,base,8,1053173-743445;434954-2097;463203-2650;493248-485317;504329;540297-493091;588689;624273-588549,5.011361768286008,-1.577120344043104,11.59984388061512,mean_difference,7,defined,,
300,all,ef1,nearest_active,base,8,1053173-743445;434954-2097;463203-2650;493248-485317;504329;540297-493091;588689;624273-588549,1.3966171436083452,1.0024574031227362,1.945757934197148,geometric_ratio,7,defined,0.0,0.0
300,all,ef1,base,headft,8,1053173-743445;434954-2097;463203-2650;493248-485317;504329;540297-493091;588689;624273-588549,-8.68917706312584,-15.179376441629856,-2.1989776846218234,mean_difference,0,defined,,
300,all,ef1,base,headft,8,1053173-743445;434954-2097;463203-2650;493248-485317;504329;540297-493091;588689;624273-588549,0.566224706783943,0.4091533482694186,0.7835947571457907,geometric_ratio,0,defined,0.0,0.0
300,all,ef1,nearest_active,headft,8,1053173-743445;434954-2097;463203-2650;493248-485317;504329;540297-493091;588689;624273-588549,-3.6778152948398297,-9.302721179368259,1.9470905896885995,mean_difference,2,defined,,
300,all,ef1,nearest_active,headft,8,1053173-743445;434954-2097;463203-2650;493248-485317;504329;540297-493091;588689;624273-588549,0.7907991326290632,0.5941477553784069,1.0525382996163823,geometric_ratio,2,defined,0.0,0.0
300,canonical_not_in_training,ap,headft,base,8,1053173-743445;434954-2097;463203-2650;493248-485317;504329;540297-493091;588689;624273-588549,0.08158033377854002,0.015470716751768282,0.14768995080531175,mean_difference,8,defined,,
300,canonical_not_in_training,ap,headft,base,8,1053173-743445;434954-2097;463203-2650;493248-485317;504329;540297-493091;588689;624273-588549,2.136584856391168,1.4384175007707045,3.173622989232362,geometric_ratio,8,defined,0.0,0.0
300,canonical_not_in_training,ap,nearest_active,base,8,1053173-743445;434954-2097;463203-2650;493248-485317;504329;540297-493091;588689;624273-588549,0.052399630578222216,-0.007882137341182455,0.11268139849762689,mean_difference,8,defined,,
300,canonical_not_in_training,ap,nearest_active,base,8,1053173-743445;434954-2097;463203-2650;493248-485317;504329;540297-493091;588689;624273-588549,1.6872786375967805,1.2693523008872916,2.242804616890383,geometric_ratio,8,defined,0.0,0.0
300,canonical_not_in_training,ap,base,headft,8,1053173-743445;434954-2097;463203-2650;493248-485317;504329;540297-493091;588689;624273-588549,-0.08158033377854002,-0.14768995080531175,-0.015470716751768282,mean_difference,0,defined,,
300,canonical_not_in_training,ap,base,headft,8,1053173-743445;434954-2097;463203-2650;493248-485317;504329;540297-493091;588689;624273-588549,0.4680366412823246,0.31509728893219313,0.695208449191003,geometric_ratio,0,defined,0.0,0.0
300,canonical_not_in_training,ap,nearest_active,headft,8,1053173-743445;434954-2097;463203-2650;493248-485317;504329;540297-493091;588689;624273-588549,-0.029180703200317792,-0.07409218958330405,0.01573078318266847,mean_difference,3,defined,,
300,canonical_not_in_training,ap,nearest_active,headft,8,1053173-743445;434954-2097;463203-2650;493248-485317;504329;540297-493091;588689;624273-588549,0.7897082264482137,0.5584267627401787,1.1167786440961571,geometric_ratio,3,defined,0.0,0.0
300,canonical_not_in_training,ef1,headft,base,8,1053173-743445;434954-2097;463203-2650;493248-485317;504329;540297-493091;588689;624273-588549,8.68917706312584,2.1989776846218234,15.179376441629856,mean_difference,8,defined,,
300,canonical_not_in_training,ef1,headft,base,8,1053173-743445;434954-2097;463203-2650;493248-485317;504329;540297-493091;588689;624273-588549,1.766083302298525,1.276169845294085,2.4440714080177144,geometric_ratio,8,defined,0.0,0.0
300,canonical_not_in_training,ef1,nearest_active,base,8,1053173-743445;434954-2097;463203-2650;493248-485317;504329;540297-493091;588689;624273-588549,5.011361768286008,-1.577120344043104,11.59984388061512,mean_difference,7,defined,,
300,canonical_not_in_training,ef1,nearest_active,base,8,1053173-743445;434954-2097;463203-2650;493248-485317;504329;540297-493091;588689;624273-588549,1.3966171436083452,1.0024574031227362,1.945757934197148,geometric_ratio,7,defined,0.0,0.0
300,canonical_not_in_training,ef1,base,headft,8,1053173-743445;434954-2097;463203-2650;493248-485317;504329;540297-493091;588689;624273-588549,-8.68917706312584,-15.179376441629856,-2.1989776846218234,mean_difference,0,defined,,
300,canonical_not_in_training,ef1,base,headft,8,1053173-743445;434954-2097;463203-2650;493248-485317;504329;540297-493091;588689;624273-588549,0.566224706783943,0.4091533482694186,0.7835947571457907,geometric_ratio,0,defined,0.0,0.0
300,canonical_not_in_training,ef1,nearest_active,headft,8,1053173-743445;434954-2097;463203-2650;493248-485317;504329;540297-493091;588689;624273-588549,-3.6778152948398297,-9.302721179368259,1.9470905896885995,mean_difference,2,defined,,
300,canonical_not_in_training,ef1,nearest_active,headft,8,1053173-743445;434954-2097;463203-2650;493248-485317;504329;540297-493091;588689;624273-588549,0.7907991326290632,0.5941477553784069,1.0525382996163823,geometric_ratio,2,defined,0.0,0.0
300,generic_unseen_any,ap,headft,base,8,1053173-743445;434954-2097;463203-2650;493248-485317;504329;540297-493091;588689;624273-588549,0.04914913670596546,0.008152223349823101,0.09014605006210782,mean_difference,7,defined,,
300,generic_unseen_any,ap,headft,base,8,1053173-743445;434954-2097;463203-2650;493248-485317;504329;540297-493091;588689;624273-588549,1.8980598326160563,1.2446283953701518,2.8945435774981423,geometric_ratio,7,defined,0.0,0.0
300,generic_unseen_any,ap,nearest_active,base,8,1053173-743445;434954-2097;463203-2650;493248-485317;504329;540297-493091;588689;624273-588549,0.010801487461620251,-0.02511690093834584,0.04671987586158634,mean_difference,5,defined,,
300,generic_unseen_any,ap,nearest_active,base,8,1053173-743445;434954-2097;463203-2650;493248-485317;504329;540297-493091;588689;624273-588549,1.2566954602598372,0.7459359477731511,2.1171837669874103,geometric_ratio,5,defined,0.0,0.0
300,generic_unseen_any,ap,base,headft,8,1053173-743445;434954-2097;463203-2650;493248-485317;504329;540297-493091;588689;624273-588549,-0.04914913670596546,-0.09014605006210782,-0.008152223349823101,mean_difference,1,defined,,
300,generic_unseen_any,ap,base,headft,8,1053173-743445;434954-2097;463203-2650;493248-485317;504329;540297-493091;588689;624273-588549,0.526853781327705,0.34547761096909657,0.8034526640400169,geometric_ratio,1,defined,0.0,0.0
300,generic_unseen_any,ap,nearest_active,headft,8,1053173-743445;434954-2097;463203-2650;493248-485317;504329;540297-493091;588689;624273-588549,-0.038347649244345215,-0.08274280659923662,0.00604750811054619,mean_difference,2,defined,,
300,generic_unseen_any,ap,nearest_active,headft,8,1053173-743445;434954-2097;463203-2650;493248-485317;504329;540297-493091;588689;624273-588549,0.6620947552152557,0.3562465842785469,1.2305225768587054,geometric_ratio,2,defined,0.0,0.0
300,generic_unseen_any,ef1,headft,base,8,1053173-743445;434954-2097;463203-2650;493248-485317;504329;540297-493091;588689;624273-588549,6.9713646108608085,1.7134334100955142,12.229295811626102,mean_difference,7,defined,,
300,generic_unseen_any,ef1,headft,base,8,1053173-743445;434954-2097;463203-2650;493248-485317;504329;540297-493091;588689;624273-588549,1.6194151521677687,1.1949470229624324,2.19466251195724,geometric_ratio,7,defined,0.0,0.0
300,generic_unseen_any,ef1,nearest_active,base,8,1053173-743445;434954-2097;463203-2650;493248-485317;504329;540297-493091;588689;624273-588549,1.612062122495444,-2.6452530239715664,5.869377268962454,mean_difference,5,defined,,
300,generic_unseen_any,ef1,nearest_active,base,8,1053173-743445;434954-2097;463203-2650;493248-485317;504329;540297-493091;588689;624273-588549,1.217143539930031,0.9074225681238443,1.6325783034649204,geometric_ratio,5,defined,0.0,0.0
300,generic_unseen_any,ef1,base,headft,8,1053173-743445;434954-2097;463203-2650;493248-485317;504329;540297-493091;588689;624273-588549,-6.9713646108608085,-12.229295811626102,-1.7134334100955142,mean_difference,0,defined,,
300,generic_unseen_any,ef1,base,headft,8,1053173-743445;434954-2097;463203-2650;493248-485317;504329;540297-493091;588689;624273-588549,0.6175068812104098,0.4556509233431895,0.8368571834430509,geometric_ratio,0,defined,0.0,0.0
300,generic_unseen_any,ef1,nearest_active,headft,8,1053173-743445;434954-2097;463203-2650;493248-485317;504329;540297-493091;588689;624273-588549,-5.3593024883653655,-11.27624679623051,0.5576418194997794,mean_difference,3,defined,,
300,generic_unseen_any,ef1,nearest_active,headft,8,1053173-743445;434954-2097;463203-2650;493248-485317;504329;540297-493091;588689;624273-588549,0.7515945113275913,0.505711542652066,1.1170287047341787,geometric_ratio,3,defined,0.0,0.0
300,murcko_seen_any,ap,headft,base,7,1053173-743445;434954-2097;463203-2650;493248-485317;504329;540297-493091;588689,0.2536738637188162,0.0913206047743165,0.4160271226633159,mean_difference,7,defined,,
300,murcko_seen_any,ap,headft,base,7,1053173-743445;434954-2097;463203-2650;493248-485317;504329;540297-493091;588689,2.286310848214934,1.5798196151595087,3.3087431277003856,geometric_ratio,7,defined,0.0,0.0
300,murcko_seen_any,ap,nearest_active,base,7,1053173-743445;434954-2097;463203-2650;493248-485317;504329;540297-493091;588689,0.2936403097870658,0.12936209073164984,0.45791852884248174,mean_difference,7,defined,,
300,murcko_seen_any,ap,nearest_active,base,7,1053173-743445;434954-2097;463203-2650;493248-485317;504329;540297-493091;588689,2.4103037679194133,1.6981048716042408,3.421204632761041,geometric_ratio,7,defined,0.0,0.0
300,murcko_seen_any,ap,base,headft,7,1053173-743445;434954-2097;463203-2650;493248-485317;504329;540297-493091;588689,-0.2536738637188162,-0.4160271226633159,-0.0913206047743165,mean_difference,0,defined,,
300,murcko_seen_any,ap,base,headft,7,1053173-743445;434954-2097;463203-2650;493248-485317;504329;540297-493091;588689,0.4373858440031295,0.30222956615402524,0.6329836586432265,geometric_ratio,0,defined,0.0,0.0
300,murcko_seen_any,ap,nearest_active,headft,7,1053173-743445;434954-2097;463203-2650;493248-485317;504329;540297-493091;588689,0.03996644606824958,-0.08725602153788128,0.16718891367438046,mean_difference,3,defined,,
300,murcko_seen_any,ap,nearest_active,headft,7,1053173-743445;434954-2097;463203-2650;493248-485317;504329;540297-493091;588689,1.054232747835356,0.8249035227603527,1.3473171782433595,geometric_ratio,3,defined,0.0,0.0
300,murcko_seen_any,ef1,headft,base,7,1053173-743445;434954-2097;463203-2650;493248-485317;504329;540297-493091;588689,9.727115919188792,4.360761848277659,15.093469990099926,mean_difference,6,defined,,
300,murcko_seen_any,ef1,headft,base,7,1053173-743445;434954-2097;463203-2650;493248-485317;504329;540297-493091;588689,,,,geometric_ratio,6,log_ratio_undefined_due_to_zero,0.0,1.0
300,murcko_seen_any,ef1,nearest_active,base,7,1053173-743445;434954-2097;463203-2650;493248-485317;504329;540297-493091;588689,10.501416784017763,5.426744523276229,15.576089044759298,mean_difference,6,defined,,
300,murcko_seen_any,ef1,nearest_active,base,7,1053173-743445;434954-2097;463203-2650;493248-485317;504329;540297-493091;588689,,,,geometric_ratio,6,log_ratio_undefined_due_to_zero,0.0,1.0
300,murcko_seen_any,ef1,base,headft,7,1053173-743445;434954-2097;463203-2650;493248-485317;504329;540297-493091;588689,-9.727115919188792,-15.093469990099926,-4.360761848277659,mean_difference,0,defined,,
300,murcko_seen_any,ef1,base,headft,7,1053173-743445;434954-2097;463203-2650;493248-485317;504329;540297-493091;588689,,,,geometric_ratio,0,log_ratio_undefined_due_to_zero,1.0,0.0
300,murcko_seen_any,ef1,nearest_active,headft,7,1053173-743445;434954-2097;463203-2650;493248-485317;504329;540297-493091;588689,0.7743008648289723,-3.9097988240270816,5.458400553685026,mean_difference,3,defined,,
300,murcko_seen_any,ef1,nearest_active,headft,7,1053173-743445;434954-2097;463203-2650;493248-485317;504329;540297-493091;588689,1.0628848084069318,0.8181121672414337,1.380891473294574,geometric_ratio,3,defined,0.0,0.0
300,murcko_unseen_active,ap,headft,base,8,1053173-743445;434954-2097;463203-2650;493248-485317;504329;540297-493091;588689;624273-588549,0.05644524854614953,0.00660575142894948,0.10628474566334958,mean_difference,8,defined,,
300,murcko_unseen_active,ap,headft,base,8,1053173-743445;434954-2097;463203-2650;493248-485317;504329;540297-493091;588689;624273-588549,1.9966562738017815,1.312099809828698,3.03836358015515,geometric_ratio,8,defined,0.0,0.0
300,murcko_unseen_active,ap,nearest_active,base,8,1053173-743445;434954-2097;463203-2650;493248-485317;504329;540297-493091;588689;624273-588549,0.015423009258616439,-0.029196618863134998,0.06004263738036787,mean_difference,4,defined,,
300,murcko_unseen_active,ap,nearest_active,base,8,1053173-743445;434954-2097;463203-2650;493248-485317;504329;540297-493091;588689;624273-588549,1.254079560662804,0.7099549126720577,2.2152329907162422,geometric_ratio,4,defined,0.0,0.0
300,murcko_unseen_active,ap,base,headft,8,1053173-743445;434954-2097;463203-2650;493248-485317;504329;540297-493091;588689;624273-588549,-0.05644524854614953,-0.10628474566334958,-0.00660575142894948,mean_difference,0,defined,,
300,murcko_unseen_active,ap,base,headft,8,1053173-743445;434954-2097;463203-2650;493248-485317;504329;540297-493091;588689;624273-588549,0.5008373314531127,0.3291245348421851,0.7621371426999562,geometric_ratio,0,defined,0.0,0.0
300,murcko_unseen_active,ap,nearest_active,headft,8,1053173-743445;434954-2097;463203-2650;493248-485317;504329;540297-493091;588689;624273-588549,-0.04102223928753308,-0.08456275355847265,0.002518274983406482,mean_difference,1,defined,,
300,murcko_unseen_active,ap,nearest_active,headft,8,1053173-743445;434954-2097;463203-2650;493248-485317;504329;540297-493091;588689;624273-588549,0.6280898605922508,0.3422920514022076,1.152515436343693,geometric_ratio,1,defined,0.0,0.0
300,murcko_unseen_active,ef1,headft,base,8,1053173-743445;434954-2097;463203-2650;493248-485317;504329;540297-493091;588689;624273-588549,7.102605255275689,1.0688244057398197,13.136386104811558,mean_difference,8,defined,,
300,murcko_unseen_active,ef1,headft,base,8,1053173-743445;434954-2097;463203-2650;493248-485317;504329;540297-493091;588689;624273-588549,1.7243230728047414,1.2313743259883607,2.4146110542139803,geometric_ratio,8,defined,0.0,0.0
300,murcko_unseen_active,ef1,nearest_active,base,8,1053173-743445;434954-2097;463203-2650;493248-485317;504329;540297-493091;588689;624273-588549,2.2104417812599824,-3.3942653446411777,7.815148907161142,mean_difference,6,defined,,
300,murcko_unseen_active,ef1,nearest_active,base,8,1053173-743445;434954-2097;463203-2650;493248-485317;504329;540297-493091;588689;624273-588549,1.2492851608959814,0.8527668400499379,1.830176010530033,geometric_ratio,6,defined,0.0,0.0
300,murcko_unseen_active,ef1,base,headft,8,1053173-743445;434954-2097;463203-2650;493248-485317;504329;540297-493091;588689;624273-588549,-7.102605255275689,-13.136386104811558,-1.0688244057398197,mean_difference,0,defined,,
300,murcko_unseen_active,ef1,base,headft,8,1053173-743445;434954-2097;463203-2650;493248-485317;504329;540297-493091;588689;624273-588549,0.5799377249957136,0.4141453747819135,0.8121007389019187,geometric_ratio,0,defined,0.0,0.0
300,murcko_unseen_active,ef1,nearest_active,headft,8,1053173-743445;434954-2097;463203-2650;493248-485317;504329;540297-493091;588689;624273-588549,-4.892163474015707,-10.415301300329968,0.6309743522985549,mean_difference,2,defined,,
300,murcko_unseen_active,ef1,nearest_active,headft,8,1053173-743445;434954-2097;463203-2650;493248-485317;504329;540297-493091;588689;624273-588549,0.7245075940809195,0.5296997467462332,0.9909599864928673,geometric_ratio,2,defined,0.0,0.0
300,murcko_unseen_any,ap,headft,base,8,1053173-743445;434954-2097;463203-2650;493248-485317;504329;540297-493091;588689;624273-588549,0.05835183052083652,0.00752273981627085,0.10918092122540218,mean_difference,8,defined,,
300,murcko_unseen_any,ap,headft,base,8,1053173-743445;434954-2097;463203-2650;493248-485317;504329;540297-493091;588689;624273-588549,2.030763718344148,1.316136110153499,3.1334154939810697,geometric_ratio,8,defined,0.0,0.0
300,murcko_unseen_any,ap,nearest_active,base,8,1053173-743445;434954-2097;463203-2650;493248-485317;504329;540297-493091;588689;624273-588549,0.01668799720216115,-0.030291361574718765,0.06366735597904107,mean_difference,6,defined,,
300,murcko_unseen_any,ap,nearest_active,base,8,1053173-743445;434954-2097;463203-2650;493248-485317;504329;540297-493091;588689;624273-588549,1.278773768466153,0.7310426020116016,2.236890635945694,geometric_ratio,6,defined,0.0,0.0
300,murcko_unseen_any,ap,base,headft,8,1053173-743445;434954-2097;463203-2650;493248-485317;504329;540297-493091;588689;624273-588549,-0.05835183052083652,-0.10918092122540218,-0.00752273981627085,mean_difference,0,defined,,
300,murcko_unseen_any,ap,base,headft,8,1053173-743445;434954-2097;463203-2650;493248-485317;504329;540297-493091;588689;624273-588549,0.49242557908971507,0.3191405678311366,0.7597998355074169,geometric_ratio,0,defined,0.0,0.0
300,murcko_unseen_any,ap,nearest_active,headft,8,1053173-743445;434954-2097;463203-2650;493248-485317;504329;540297-493091;588689;624273-588549,-0.04166383331867536,-0.0861866176293545,0.0028589509920037837,mean_difference,2,defined,,
300,murcko_unseen_any,ap,nearest_active,headft,8,1053173-743445;434954-2097;463203-2650;493248-485317;504329;540297-493091;588689;624273-588549,0.6297009134616827,0.3462714918238759,1.1451223960884462,geometric_ratio,2,defined,0.0,0.0
300,murcko_unseen_any,ef1,headft,base,8,1053173-743445;434954-2097;463203-2650;493248-485317;504329;540297-493091;588689;624273-588549,7.5502323967621265,1.6144993971354733,13.48596539638878,mean_difference,8,defined,,
300,murcko_unseen_any,ef1,headft,base,8,1053173-743445;434954-2097;463203-2650;493248-485317;504329;540297-493091;588689;624273-588549,1.7258369078838762,1.2717949216329225,2.341975881449435,geometric_ratio,8,defined,0.0,0.0
300,murcko_unseen_any,ef1,nearest_active,base,8,1053173-743445;434954-2097;463203-2650;493248-485317;504329;540297-493091;588689;624273-588549,2.3115279464054357,-2.9531088723716303,7.576164765182502,mean_difference,5,defined,,
300,murcko_unseen_any,ef1,nearest_active,base,8,1053173-743445;434954-2097;463203-2650;493248-485317;504329;540297-493091;588689;624273-588549,1.2482169703970962,0.895271586928344,1.740304984471722,geometric_ratio,5,defined,0.0,0.0
300,murcko_unseen_any,ef1,base,headft,8,1053173-743445;434954-2097;463203-2650;493248-485317;504329;540297-493091;588689;624273-588549,-7.5502323967621265,-13.48596539638878,-1.6144993971354733,mean_difference,0,defined,,
300,murcko_unseen_any,ef1,base,headft,8,1053173-743445;434954-2097;463203-2650;493248-485317;504329;540297-493091;588689;624273-588549,0.57942902682858,0.42698987975106983,0.7862902917681484,geometric_ratio,0,defined,0.0,0.0
300,murcko_unseen_any,ef1,nearest_active,headft,8,1053173-743445;434954-2097;463203-2650;493248-485317;504329;540297-493091;588689;624273-588549,-5.238704450356691,-11.022457666858802,0.5450487661454195,mean_difference,2,defined,,
300,murcko_unseen_any,ef1,nearest_active,headft,8,1053173-743445;434954-2097;463203-2650;493248-485317;504329;540297-493091;588689;624273-588549,0.723253144428108,0.527685896968756,0.991300153993158,geometric_ratio,2,defined,0.0,0.0
300,similarity_active_03_04,ap,headft,base,6,434954-2097;463203-2650;493248-485317;504329;540297-493091;588689,0.06722512891203379,-0.0008050136438448874,0.13525527146791247,mean_difference,6,defined,,
300,similarity_active_03_04,ap,headft,base,6,434954-2097;463203-2650;493248-485317;504329;540297-493091;588689,1.6164199072294136,1.1503884771637152,2.2712443390683488,geometric_ratio,6,defined,0.0,0.0
300,similarity_active_03_04,ap,nearest_active,base,6,434954-2097;463203-2650;493248-485317;504329;540297-493091;588689,-0.0673849679186581,-0.1316097676905273,-0.0031601681467888915,mean_difference,0,defined,,
300,similarity_active_03_04,ap,nearest_active,base,6,434954-2097;463203-2650;493248-485317;504329;540297-493091;588689,0.3949929530842202,0.17712221700572672,0.880857498419572,geometric_ratio,0,defined,0.0,0.0
300,similarity_active_03_04,ap,base,headft,6,434954-2097;463203-2650;493248-485317;504329;540297-493091;588689,-0.06722512891203379,-0.13525527146791247,0.0008050136438448874,mean_difference,0,defined,,
300,similarity_active_03_04,ap,base,headft,6,434954-2097;463203-2650;493248-485317;504329;540297-493091;588689,0.6186511286624936,0.44028728340615003,0.8692715720393007,geometric_ratio,0,defined,0.0,0.0
300,similarity_active_03_04,ap,nearest_active,headft,6,434954-2097;463203-2650;493248-485317;504329;540297-493091;588689,-0.1346100968306919,-0.231118183440089,-0.038102010221294794,mean_difference,0,defined,,
300,similarity_active_03_04,ap,nearest_active,headft,6,434954-2097;463203-2650;493248-485317;504329;540297-493091;588689,0.24436283623928426,0.11058559266796465,0.5399726519004808,geometric_ratio,0,defined,0.0,0.0
300,similarity_active_03_04,ef1,headft,base,6,434954-2097;463203-2650;493248-485317;504329;540297-493091;588689,4.02308936547214,1.1493016591278362,6.896877071816444,mean_difference,6,defined,,
300,similarity_active_03_04,ef1,headft,base,6,434954-2097;463203-2650;493248-485317;504329;540297-493091;588689,1.9161381347431612,1.054325981883737,3.482400523656899,geometric_ratio,6,defined,0.0,0.0
300,similarity_active_03_04,ef1,nearest_active,base,6,434954-2097;463203-2650;493248-485317;504329;540297-493091;588689,-3.8234916027168295,-9.856907283314671,2.2099240778810114,mean_difference,1,defined,,
300,similarity_active_03_04,ef1,nearest_active,base,6,434954-2097;463203-2650;493248-485317;504329;540297-493091;588689,,,,geometric_ratio,1,log_ratio_undefined_due_to_zero,1.0,0.0
300,similarity_active_03_04,ef1,base,headft,6,434954-2097;463203-2650;493248-485317;504329;540297-493091;588689,-4.02308936547214,-6.896877071816444,-1.1493016591278362,mean_difference,0,defined,,
300,similarity_active_03_04,ef1,base,headft,6,434954-2097;463203-2650;493248-485317;504329;540297-493091;588689,0.5218830427035157,0.2871582384641647,0.9484732589187698,geometric_ratio,0,defined,0.0,0.0
300,similarity_active_03_04,ef1,nearest_active,headft,6,434954-2097;463203-2650;493248-485317;504329;540297-493091;588689,-7.846580968188969,-13.943531677784456,-1.7496302585934815,mean_difference,0,defined,,
300,similarity_active_03_04,ef1,nearest_active,headft,6,434954-2097;463203-2650;493248-485317;504329;540297-493091;588689,,,,geometric_ratio,0,log_ratio_undefined_due_to_zero,1.0,0.0
300,similarity_active_04_055,ap,headft,base,6,434954-2097;463203-2650;493248-485317;504329;540297-493091;588689,0.16910129526540796,0.008698064012310325,0.3295045265185056,mean_difference,6,defined,,
300,similarity_active_04_055,ap,headft,base,6,434954-2097;463203-2650;493248-485317;504329;540297-493091;588689,1.5612912696458328,1.2294212655078198,1.9827462701854426,geometric_ratio,6,defined,0.0,0.0
300,similarity_active_04_055,ap,nearest_active,base,6,434954-2097;463203-2650;493248-485317;504329;540297-493091;588689,-0.013756489815563258,-0.09874597869096734,0.07123299905984083,mean_difference,3,defined,,
300,similarity_active_04_055,ap,nearest_active,base,6,434954-2097;463203-2650;493248-485317;504329;540297-493091;588689,0.9675801493259337,0.7023740634499964,1.3329241412631505,geometric_ratio,3,defined,0.0,0.0
300,similarity_active_04_055,ap,base,headft,6,434954-2097;463203-2650;493248-485317;504329;540297-493091;588689,-0.16910129526540796,-0.3295045265185056,-0.008698064012310325,mean_difference,0,defined,,
300,similarity_active_04_055,ap,base,headft,6,434954-2097;463203-2650;493248-485317;504329;540297-493091;588689,0.6404954792495845,0.5043509676638916,0.8133908433631527,geometric_ratio,0,defined,0.0,0.0
300,similarity_active_04_055,ap,nearest_active,headft,6,434954-2097;463203-2650;493248-485317;504329;540297-493091;588689,-0.1828577850809712,-0.42014802495470266,0.054432454792760265,mean_difference,1,defined,,
300,similarity_active_04_055,ap,nearest_active,headft,6,434954-2097;463203-2650;493248-485317;504329;540297-493091;588689,0.6197307114548984,0.3688428027049025,1.0412732793044948,geometric_ratio,1,defined,0.0,0.0
300,similarity_active_04_055,ef1,headft,base,6,434954-2097;463203-2650;493248-485317;504329;540297-493091;588689,4.240034777068219,1.358232004695711,7.121837549440727,mean_difference,5,defined,,
300,similarity_active_04_055,ef1,headft,base,6,434954-2097;463203-2650;493248-485317;504329;540297-493091;588689,,,,geometric_ratio,5,log_ratio_undefined_due_to_zero,1.0,2.0
300,similarity_active_04_055,ef1,nearest_active,base,6,434954-2097;463203-2650;493248-485317;504329;540297-493091;588689,3.0060851376649267,-0.2940081239141028,6.306178399243956,mean_difference,5,defined,,
300,similarity_active_04_055,ef1,nearest_active,base,6,434954-2097;463203-2650;493248-485317;504329;540297-493091;588689,,,,geometric_ratio,5,log_ratio_undefined_due_to_zero,0.0,2.0
300,similarity_active_04_055,ef1,base,headft,6,434954-2097;463203-2650;493248-485317;504329;540297-493091;588689,-4.240034777068219,-7.121837549440727,-1.358232004695711,mean_difference,0,defined,,
300,similarity_active_04_055,ef1,base,headft,6,434954-2097;463203-2650;493248-485317;504329;540297-493091;588689,,,,geometric_ratio,0,log_ratio_undefined_due_to_zero,2.0,1.0
300,similarity_active_04_055,ef1,nearest_active,headft,6,434954-2097;463203-2650;493248-485317;504329;540297-493091;588689,-1.233949639403292,-6.922447802522372,4.454548523715788,mean_difference,1,defined,,
300,similarity_active_04_055,ef1,nearest_active,headft,6,434954-2097;463203-2650;493248-485317;504329;540297-493091;588689,,,,geometric_ratio,1,log_ratio_undefined_due_to_zero,0.0,1.0
300,similarity_active_ge055,ap,headft,base,5,434954-2097;463203-2650;504329;540297-493091;588689,0.09823506392239431,-0.02370346075095188,0.2201735885957405,mean_difference,4,defined,,
300,similarity_active_ge055,ap,headft,base,5,434954-2097;463203-2650;504329;540297-493091;588689,1.1536922633896267,0.9666324648090896,1.376951309894143,geometric_ratio,4,defined,0.0,0.0
300,similarity_active_ge055,ap,nearest_active,base,5,434954-2097;463203-2650;504329;540297-493091;588689,0.058064213685698626,0.03810546934367033,0.07802295802772692,mean_difference,5,defined,,
300,similarity_active_ge055,ap,nearest_active,base,5,434954-2097;463203-2650;504329;540297-493091;588689,1.0904108669106565,1.0583301684853088,1.1234640134831932,geometric_ratio,5,defined,0.0,0.0
300,similarity_active_ge055,ap,base,headft,5,434954-2097;463203-2650;504329;540297-493091;588689,-0.09823506392239431,-0.2201735885957405,0.02370346075095188,mean_difference,1,defined,,
300,similarity_active_ge055,ap,base,headft,5,434954-2097;463203-2650;504329;540297-493091;588689,0.8667822709167968,0.726242092087394,1.034519361190192,geometric_ratio,1,defined,0.0,0.0
300,similarity_active_ge055,ap,nearest_active,headft,5,434954-2097;463203-2650;504329;540297-493091;588689,-0.040170850236695685,-0.15190234146060422,0.07156064098721285,mean_difference,1,defined,,
300,similarity_active_ge055,ap,nearest_active,headft,5,434954-2097;463203-2650;504329;540297-493091;588689,0.9451488074531719,0.8096738575321382,1.1032914795506972,geometric_ratio,1,defined,0.0,0.0
300,similarity_active_ge055,ef1,headft,base,5,434954-2097;463203-2650;504329;540297-493091;588689,0.8567099567099568,-0.6011929918783026,2.3146129052982163,mean_difference,2,defined,,
300,similarity_active_ge055,ef1,headft,base,5,434954-2097;463203-2650;504329;540297-493091;588689,,,,geometric_ratio,2,log_ratio_undefined_due_to_zero,0.0,2.0
300,similarity_active_ge055,ef1,nearest_active,base,5,434954-2097;463203-2650;504329;540297-493091;588689,0.8567099567099568,-0.6011929918783026,2.3146129052982163,mean_difference,2,defined,,
300,similarity_active_ge055,ef1,nearest_active,base,5,434954-2097;463203-2650;504329;540297-493091;588689,,,,geometric_ratio,2,log_ratio_undefined_due_to_zero,0.0,2.0
300,similarity_active_ge055,ef1,base,headft,5,434954-2097;463203-2650;504329;540297-493091;588689,-0.8567099567099568,-2.3146129052982163,0.6011929918783026,mean_difference,0,defined,,
300,similarity_active_ge055,ef1,base,headft,5,434954-2097;463203-2650;504329;540297-493091;588689,,,,geometric_ratio,0,log_ratio_undefined_due_to_zero,2.0,0.0
300,similarity_active_ge055,ef1,nearest_active,headft,5,434954-2097;463203-2650;504329;540297-493091;588689,0.0,0.0,0.0,mean_difference,0,defined,,
300,similarity_active_ge055,ef1,nearest_active,headft,5,434954-2097;463203-2650;504329;540297-493091;588689,1.0,1.0,1.0,geometric_ratio,0,defined,0.0,0.0
300,similarity_active_lt03,ap,headft,base,8,1053173-743445;434954-2097;463203-2650;493248-485317;504329;540297-493091;588689;624273-588549,0.015945923926421978,-0.003369905806223296,0.03526175365906725,mean_difference,8,defined,,
300,similarity_active_lt03,ap,headft,base,8,1053173-743445;434954-2097;463203-2650;493248-485317;504329;540297-493091;588689;624273-588549,1.4056577085228674,1.011616125834216,1.9531851490607475,geometric_ratio,8,defined,0.0,0.0
300,similarity_active_lt03,ap,nearest_active,base,8,1053173-743445;434954-2097;463203-2650;493248-485317;504329;540297-493091;588689;624273-588549,-0.0176997610357773,-0.028162526797205312,-0.007236995274349286,mean_difference,0,defined,,
300,similarity_active_lt03,ap,nearest_active,base,8,1053173-743445;434954-2097;463203-2650;493248-485317;504329;540297-493091;588689;624273-588549,0.33033899959861796,0.1839104026818323,0.5933533561154861,geometric_ratio,0,defined,0.0,0.0
300,similarity_active_lt03,ap,base,headft,8,1053173-743445;434954-2097;463203-2650;493248-485317;504329;540297-493091;588689;624273-588549,-0.015945923926421978,-0.03526175365906725,0.003369905806223296,mean_difference,0,defined,,
300,similarity_active_lt03,ap,base,headft,8,1053173-743445;434954-2097;463203-2650;493248-485317;504329;540297-493091;588689;624273-588549,0.7114107466823114,0.511984232770192,0.9885172591286672,geometric_ratio,0,defined,0.0,0.0
300,similarity_active_lt03,ap,nearest_active,headft,8,1053173-743445;434954-2097;463203-2650;493248-485317;504329;540297-493091;588689;624273-588549,-0.033645684962199274,-0.05629759895439145,-0.010993770970007095,mean_difference,0,defined,,
300,similarity_active_lt03,ap,nearest_active,headft,8,1053173-743445;434954-2097;463203-2650;493248-485317;504329;540297-493091;588689;624273-588549,0.23500671436274057,0.12762003275387296,0.4327545966242098,geometric_ratio,0,defined,0.0,0.0
300,similarity_active_lt03,ef1,headft,base,8,1053173-743445;434954-2097;463203-2650;493248-485317;504329;540297-493091;588689;624273-588549,3.462661932262628,-0.2700332861046051,7.195357150629862,mean_difference,7,defined,,
300,similarity_active_lt03,ef1,headft,base,8,1053173-743445;434954-2097;463203-2650;493248-485317;504329;540297-493091;588689;624273-588549,1.5133665995184247,1.095824176927978,2.0900054157944417,geometric_ratio,7,defined,0.0,0.0
300,similarity_active_lt03,ef1,nearest_active,base,8,1053173-743445;434954-2097;463203-2650;493248-485317;504329;540297-493091;588689;624273-588549,-6.527694340130295,-10.955570524632115,-2.0998181556284736,mean_difference,0,defined,,
300,similarity_active_lt03,ef1,nearest_active,base,8,1053173-743445;434954-2097;463203-2650;493248-485317;504329;540297-493091;588689;624273-588549,0.2301484105151732,0.08741489379101548,0.6059412597273531,geometric_ratio,0,defined,0.0,0.0
300,similarity_active_lt03,ef1,base,headft,8,1053173-743445;434954-2097;463203-2650;493248-485317;504329;540297-493091;588689;624273-588549,-3.462661932262628,-7.195357150629862,0.2700332861046051,mean_difference,1,defined,,
300,similarity_active_lt03,ef1,base,headft,8,1053173-743445;434954-2097;463203-2650;493248-485317;504329;540297-493091;588689;624273-588549,0.6607784262704189,0.478467659673449,0.9125551535132119,geometric_ratio,1,defined,0.0,0.0
300,similarity_active_lt03,ef1,nearest_active,headft,8,1053173-743445;434954-2097;463203-2650;493248-485317;504329;540297-493091;588689;624273-588549,-9.990356272392923,-15.03869395832998,-4.942018586455865,mean_difference,0,defined,,
300,similarity_active_lt03,ef1,nearest_active,headft,8,1053173-743445;434954-2097;463203-2650;493248-485317;504329;540297-493091;588689;624273-588549,0.15207710450885445,0.0731395186264677,0.31620997991402816,geometric_ratio,0,defined,0.0,0.0
300,similarity_any_lt03,ap,headft,base,8,1053173-743445;434954-2097;463203-2650;493248-485317;504329;540297-493091;588689;624273-588549,0.0107068312079485,0.0010679824848170948,0.020345679931079906,mean_difference,7,defined,,
300,similarity_any_lt03,ap,headft,base,8,1053173-743445;434954-2097;463203-2650;493248-485317;504329;540297-493091;588689;624273-588549,1.2755002036417362,1.0156843465967156,1.6017779292763705,geometric_ratio,7,defined,0.0,0.0
300,similarity_any_lt03,ap,nearest_active,base,8,1053173-743445;434954-2097;463203-2650;493248-485317;504329;540297-493091;588689;624273-588549,-0.021243685935805775,-0.03451350896545817,-0.007973862906153381,mean_difference,0,defined,,
300,similarity_any_lt03,ap,nearest_active,base,8,1053173-743445;434954-2097;463203-2650;493248-485317;504329;540297-493091;588689;624273-588549,0.2717341902570758,0.14175406820502912,0.5208984199865736,geometric_ratio,0,defined,0.0,0.0
300,similarity_any_lt03,ap,base,headft,8,1053173-743445;434954-2097;463203-2650;493248-485317;504329;540297-493091;588689;624273-588549,-0.0107068312079485,-0.020345679931079906,-0.0010679824848170948,mean_difference,1,defined,,
300,similarity_any_lt03,ap,base,headft,8,1053173-743445;434954-2097;463203-2650;493248-485317;504329;540297-493091;588689;624273-588549,0.7840061468785786,0.6243062672562647,0.9845578533830224,geometric_ratio,1,defined,0.0,0.0
300,similarity_any_lt03,ap,nearest_active,headft,8,1053173-743445;434954-2097;463203-2650;493248-485317;504329;540297-493091;588689;624273-588549,-0.03195051714375427,-0.047816398182209285,-0.01608463610529925,mean_difference,0,defined,,
300,similarity_any_lt03,ap,nearest_active,headft,8,1053173-743445;434954-2097;463203-2650;493248-485317;504329;540297-493091;588689;624273-588549,0.21304127547862062,0.11124411467434528,0.4079908873419657,geometric_ratio,0,defined,0.0,0.0
300,similarity_any_lt03,ef1,headft,base,8,1053173-743445;434954-2097;463203-2650;493248-485317;504329;540297-493091;588689;624273-588549,0.8664384185091342,-2.3928425735284766,4.125719410546745,mean_difference,5,defined,,
300,similarity_any_lt03,ef1,headft,base,8,1053173-743445;434954-2097;463203-2650;493248-485317;504329;540297-493091;588689;624273-588549,1.1343593274020858,0.8519779267388233,1.5103338282361114,geometric_ratio,5,defined,0.0,0.0
300,similarity_any_lt03,ef1,nearest_active,base,8,1053173-743445;434954-2097;463203-2650;493248-485317;504329;540297-493091;588689;624273-588549,-9.156886421303554,-15.781085272841178,-2.5326875697659297,mean_difference,0,defined,,
300,similarity_any_lt03,ef1,nearest_active,base,8,1053173-743445;434954-2097;463203-2650;493248-485317;504329;540297-493091;588689;624273-588549,,,,geometric_ratio,0,log_ratio_undefined_due_to_zero,1.0,0.0
300,similarity_any_lt03,ef1,base,headft,8,1053173-743445;434954-2097;463203-2650;493248-485317;504329;540297-493091;588689;624273-588549,-0.8664384185091342,-4.125719410546745,2.3928425735284766,mean_difference,2,defined,,
300,similarity_any_lt03,ef1,base,headft,8,1053173-743445;434954-2097;463203-2650;493248-485317;504329;540297-493091;588689;624273-588549,0.8815548793433946,0.662105278518379,1.1737393289375126,geometric_ratio,2,defined,0.0,0.0
300,similarity_any_lt03,ef1,nearest_active,headft,8,1053173-743445;434954-2097;463203-2650;493248-485317;504329;540297-493091;588689;624273-588549,-10.02332483981269,-15.633941686314309,-4.412707993311069,mean_difference,0,defined,,
300,similarity_any_lt03,ef1,nearest_active,headft,8,1053173-743445;434954-2097;463203-2650;493248-485317;504329;540297-493091;588689;624273-588549,,,,geometric_ratio,0,log_ratio_undefined_due_to_zero,1.0,0.0
40,top100,hits,headft,base,8,1053173-743445;434954-2097;463203-2650;493248-485317;504329;540297-493091;588689;624273-588549,6.875,-2.1672587838283555,15.917258783828355,mean_difference,6,,,
40,top100,hits,nearest_active,base,7,434954-2097;463203-2650;493248-485317;504329;540297-493091;588689;624273-588549,3.5714285714285716,-7.766354787181484,14.909211930038627,mean_difference,4,,,
40,top100,hits,base,headft,8,1053173-743445;434954-2097;463203-2650;493248-485317;504329;540297-493091;588689;624273-588549,-6.875,-15.917258783828355,2.1672587838283555,mean_difference,2,,,
40,top100,hits,nearest_active,headft,7,434954-2097;463203-2650;493248-485317;504329;540297-493091;588689;624273-588549,-3.4285714285714284,-19.885084666933164,13.027941809790308,mean_difference,3,,,
40,top100,unseen_hits,headft,base,8,1053173-743445;434954-2097;463203-2650;493248-485317;504329;540297-493091;588689;624273-588549,6.875,-1.9888214589352273,15.738821458935227,mean_difference,6,,,
40,top100,unseen_hits,nearest_active,base,7,434954-2097;463203-2650;493248-485317;504329;540297-493091;588689;624273-588549,2.5714285714285716,-8.011990760806347,13.154847903663489,mean_difference,4,,,
40,top100,unseen_hits,base,headft,8,1053173-743445;434954-2097;463203-2650;493248-485317;504329;540297-493091;588689;624273-588549,-6.875,-15.738821458935227,1.9888214589352273,mean_difference,2,,,
40,top100,unseen_hits,nearest_active,headft,7,434954-2097;463203-2650;493248-485317;504329;540297-493091;588689;624273-588549,-4.571428571428571,-20.765978005807888,11.623120862950744,mean_difference,2,,,
40,top100,generic_unseen_hits,headft,base,8,1053173-743445;434954-2097;463203-2650;493248-485317;504329;540297-493091;588689;624273-588549,6.125,-3.0814033371043674,15.331403337104367,mean_difference,6,,,
40,top100,generic_unseen_hits,nearest_active,base,7,434954-2097;463203-2650;493248-485317;504329;540297-493091;588689;624273-588549,1.2857142857142858,-8.019819432237922,10.591248003666495,mean_difference,4,,,
40,top100,generic_unseen_hits,base,headft,8,1053173-743445;434954-2097;463203-2650;493248-485317;504329;540297-493091;588689;624273-588549,-6.125,-15.331403337104367,3.0814033371043674,mean_difference,2,,,
40,top100,generic_unseen_hits,nearest_active,headft,7,434954-2097;463203-2650;493248-485317;504329;540297-493091;588689;624273-588549,-5.0,-20.48483831075881,10.484838310758809,mean_difference,3,,,
40,top100,unique_active_scaffolds,headft,base,8,1053173-743445;434954-2097;463203-2650;493248-485317;504329;540297-493091;588689;624273-588549,4.25,-3.4868240378710373,11.986824037871038,mean_difference,5,,,
40,top100,unique_active_scaffolds,nearest_active,base,7,434954-2097;463203-2650;493248-485317;504329;540297-493091;588689;624273-588549,1.0,-7.8868645636205486,9.886864563620549,mean_difference,4,,,
40,top100,unique_active_scaffolds,base,headft,8,1053173-743445;434954-2097;463203-2650;493248-485317;504329;540297-493091;588689;624273-588549,-4.25,-11.986824037871038,3.4868240378710373,mean_difference,3,,,
40,top100,unique_active_scaffolds,nearest_active,headft,7,434954-2097;463203-2650;493248-485317;504329;540297-493091;588689;624273-588549,-3.0,-14.698476196031438,8.698476196031438,mean_difference,2,,,
40,top100,unique_unseen_scaffolds,headft,base,8,1053173-743445;434954-2097;463203-2650;493248-485317;504329;540297-493091;588689;624273-588549,4.375,-3.10176384553004,11.85176384553004,mean_difference,5,,,
40,top100,unique_unseen_scaffolds,nearest_active,base,7,434954-2097;463203-2650;493248-485317;504329;540297-493091;588689;624273-588549,0.42857142857142855,-8.342964285114249,9.200107142257107,mean_difference,4,,,
40,top100,unique_unseen_scaffolds,base,headft,8,1053173-743445;434954-2097;463203-2650;493248-485317;504329;540297-493091;588689;624273-588549,-4.375,-11.85176384553004,3.10176384553004,mean_difference,3,,,
40,top100,unique_unseen_scaffolds,nearest_active,headft,7,434954-2097;463203-2650;493248-485317;504329;540297-493091;588689;624273-588549,-3.857142857142857,-15.376684445155146,7.66239873086943,mean_difference,2,,,
40,top500,hits,headft,base,8,1053173-743445;434954-2097;463203-2650;493248-485317;504329;540297-493091;588689;624273-588549,8.5,-14.434591497277182,31.434591497277182,mean_difference,6,,,
40,top500,hits,nearest_active,base,7,434954-2097;463203-2650;493248-485317;504329;540297-493091;588689;624273-588549,-10.714285714285714,-48.32233299799545,26.893761569424022,mean_difference,3,,,
40,top500,hits,base,headft,8,1053173-743445;434954-2097;463203-2650;493248-485317;504329;540297-493091;588689;624273-588549,-8.5,-31.434591497277182,14.434591497277182,mean_difference,2,,,
40,top500,hits,nearest_active,headft,7,434954-2097;463203-2650;493248-485317;504329;540297-493091;588689;624273-588549,-20.285714285714285,-65.40995557564662,24.83852700421805,mean_difference,2,,,
40,top500,unseen_hits,headft,base,8,1053173-743445;434954-2097;463203-2650;493248-485317;504329;540297-493091;588689;624273-588549,7.875,-14.232464116359985,29.982464116359985,mean_difference,6,,,
40,top500,unseen_hits,nearest_active,base,7,434954-2097;463203-2650;493248-485317;504329;540297-493091;588689;624273-588549,-11.428571428571429,-48.448816095064196,25.591673237921334,mean_difference,3,,,
40,top500,unseen_hits,base,headft,8,1053173-743445;434954-2097;463203-2650;493248-485317;504329;540297-493091;588689;624273-588549,-7.875,-29.982464116359985,14.232464116359985,mean_difference,2,,,
40,top500,unseen_hits,nearest_active,headft,7,434954-2097;463203-2650;493248-485317;504329;540297-493091;588689;624273-588549,-20.142857142857142,-64.98096037355533,24.695246087841053,mean_difference,2,,,
40,top500,generic_unseen_hits,headft,base,8,1053173-743445;434954-2097;463203-2650;493248-485317;504329;540297-493091;588689;624273-588549,7.375,-14.48949885931508,29.23949885931508,mean_difference,6,,,
40,top500,generic_unseen_hits,nearest_active,base,7,434954-2097;463203-2650;493248-485317;504329;540297-493091;588689;624273-588549,-12.428571428571429,-47.31972670254329,22.46258384540043,mean_difference,3,,,
40,top500,generic_unseen_hits,base,headft,8,1053173-743445;434954-2097;463203-2650;493248-485317;504329;540297-493091;588689;624273-588549,-7.375,-29.23949885931508,14.48949885931508,mean_difference,2,,,
40,top500,generic_unseen_hits,nearest_active,headft,7,434954-2097;463203-2650;493248-485317;504329;540297-493091;588689;624273-588549,-20.428571428571427,-64.68562834356278,23.828485486419925,mean_difference,2,,,
40,top500,unique_active_scaffolds,headft,base,8,1053173-743445;434954-2097;463203-2650;493248-485317;504329;540297-493091;588689;624273-588549,3.125,-14.874776460035491,21.12477646003549,mean_difference,6,,,
40,top500,unique_active_scaffolds,nearest_active,base,7,434954-2097;463203-2650;493248-485317;504329;540297-493091;588689;624273-588549,-13.857142857142858,-42.66836936757866,14.954083653292948,mean_difference,2,,,
40,top500,unique_active_scaffolds,base,headft,8,1053173-743445;434954-2097;463203-2650;493248-485317;504329;540297-493091;588689;624273-588549,-3.125,-21.12477646003549,14.874776460035491,mean_difference,2,,,
40,top500,unique_active_scaffolds,nearest_active,headft,7,434954-2097;463203-2650;493248-485317;504329;540297-493091;588689;624273-588549,-17.285714285714285,-49.121166756596494,14.549738185167925,mean_difference,2,,,
40,top500,unique_unseen_scaffolds,headft,base,8,1053173-743445;434954-2097;463203-2650;493248-485317;504329;540297-493091;588689;624273-588549,3.125,-14.230885804940488,20.48088580494049,mean_difference,6,,,
40,top500,unique_unseen_scaffolds,nearest_active,base,7,434954-2097;463203-2650;493248-485317;504329;540297-493091;588689;624273-588549,-14.142857142857142,-42.97881280818248,14.693098522468201,mean_difference,2,,,
40,top500,unique_unseen_scaffolds,base,headft,8,1053173-743445;434954-2097;463203-2650;493248-485317;504329;540297-493091;588689;624273-588549,-3.125,-20.48088580494049,14.230885804940488,mean_difference,2,,,
40,top500,unique_unseen_scaffolds,nearest_active,headft,7,434954-2097;463203-2650;493248-485317;504329;540297-493091;588689;624273-588549,-17.571428571428573,-49.37167792156043,14.228820778703287,mean_difference,2,,,
100,top100,hits,headft,base,8,1053173-743445;434954-2097;463203-2650;493248-485317;504329;540297-493091;588689;624273-588549,10.0,1.8453516006940127,18.154648399305987,mean_difference,8,,,
100,top100,hits,nearest_active,base,8,1053173-743445;434954-2097;463203-2650;493248-485317;504329;540297-493091;588689;624273-588549,8.625,-3.4151733413239036,20.665173341323904,mean_difference,6,,,
100,top100,hits,base,headft,8,1053173-743445;434954-2097;463203-2650;493248-485317;504329;540297-493091;588689;624273-588549,-10.0,-18.154648399305987,-1.8453516006940127,mean_difference,0,,,
100,top100,hits,nearest_active,headft,8,1053173-743445;434954-2097;463203-2650;493248-485317;504329;540297-493091;588689;624273-588549,-1.375,-17.07883100525713,14.32883100525713,mean_difference,2,,,
100,top100,unseen_hits,headft,base,8,1053173-743445;434954-2097;463203-2650;493248-485317;504329;540297-493091;588689;624273-588549,8.125,1.4452354370587157,14.804764562941283,mean_difference,8,,,
100,top100,unseen_hits,nearest_active,base,8,1053173-743445;434954-2097;463203-2650;493248-485317;504329;540297-493091;588689;624273-588549,3.625,-6.020993308064236,13.270993308064236,mean_difference,5,,,
100,top100,unseen_hits,base,headft,8,1053173-743445;434954-2097;463203-2650;493248-485317;504329;540297-493091;588689;624273-588549,-8.125,-14.804764562941283,-1.4452354370587157,mean_difference,0,,,
100,top100,unseen_hits,nearest_active,headft,8,1053173-743445;434954-2097;463203-2650;493248-485317;504329;540297-493091;588689;624273-588549,-4.5,-17.18675767439069,8.186757674390691,mean_difference,3,,,
100,top100,generic_unseen_hits,headft,base,8,1053173-743445;434954-2097;463203-2650;493248-485317;504329;540297-493091;588689;624273-588549,6.875,-0.308910107340715,14.058910107340715,mean_difference,7,,,
100,top100,generic_unseen_hits,nearest_active,base,8,1053173-743445;434954-2097;463203-2650;493248-485317;504329;540297-493091;588689;624273-588549,1.125,-5.0417928402477,7.2917928402477,mean_difference,5,,,
100,top100,generic_unseen_hits,base,headft,8,1053173-743445;434954-2097;463203-2650;493248-485317;504329;540297-493091;588689;624273-588549,-6.875,-14.058910107340715,0.308910107340715,mean_difference,1,,,
100,top100,generic_unseen_hits,nearest_active,headft,8,1053173-743445;434954-2097;463203-2650;493248-485317;504329;540297-493091;588689;624273-588549,-5.75,-17.026325419822847,5.526325419822847,mean_difference,2,,,
100,top100,unique_active_scaffolds,headft,base,8,1053173-743445;434954-2097;463203-2650;493248-485317;504329;540297-493091;588689;624273-588549,6.875,0.7733153416396394,12.97668465836036,mean_difference,8,,,
100,top100,unique_active_scaffolds,nearest_active,base,8,1053173-743445;434954-2097;463203-2650;493248-485317;504329;540297-493091;588689;624273-588549,3.125,-2.8610415724638107,9.111041572463812,mean_difference,6,,,
100,top100,unique_active_scaffolds,base,headft,8,1053173-743445;434954-2097;463203-2650;493248-485317;504329;540297-493091;588689;624273-588549,-6.875,-12.97668465836036,-0.7733153416396394,mean_difference,0,,,
100,top100,unique_active_scaffolds,nearest_active,headft,8,1053173-743445;434954-2097;463203-2650;493248-485317;504329;540297-493091;588689;624273-588549,-3.75,-13.28995799293284,5.789957992932839,mean_difference,2,,,
100,top100,unique_unseen_scaffolds,headft,base,8,1053173-743445;434954-2097;463203-2650;493248-485317;504329;540297-493091;588689;624273-588549,5.5,-0.2921228498128725,11.292122849812873,mean_difference,7,,,
100,top100,unique_unseen_scaffolds,nearest_active,base,8,1053173-743445;434954-2097;463203-2650;493248-485317;504329;540297-493091;588689;624273-588549,1.0,-4.740174510324518,6.740174510324518,mean_difference,6,,,
100,top100,unique_unseen_scaffolds,base,headft,8,1053173-743445;434954-2097;463203-2650;493248-485317;504329;540297-493091;588689;624273-588549,-5.5,-11.292122849812873,0.2921228498128725,mean_difference,0,,,
100,top100,unique_unseen_scaffolds,nearest_active,headft,8,1053173-743445;434954-2097;463203-2650;493248-485317;504329;540297-493091;588689;624273-588549,-4.5,-13.336321369833446,4.3363213698334455,mean_difference,3,,,
100,top500,hits,headft,base,8,1053173-743445;434954-2097;463203-2650;493248-485317;504329;540297-493091;588689;624273-588549,22.625,3.561117147365664,41.688882852634336,mean_difference,7,,,
100,top500,hits,nearest_active,base,8,1053173-743445;434954-2097;463203-2650;493248-485317;504329;540297-493091;588689;624273-588549,-8.375,-30.48923775546688,13.739237755466881,mean_difference,2,,,
100,top500,hits,base,headft,8,1053173-743445;434954-2097;463203-2650;493248-485317;504329;540297-493091;588689;624273-588549,-22.625,-41.688882852634336,-3.561117147365664,mean_difference,0,,,
100,top500,hits,nearest_active,headft,8,1053173-743445;434954-2097;463203-2650;493248-485317;504329;540297-493091;588689;624273-588549,-31.0,-63.23369087610789,1.233690876107893,mean_difference,1,,,
100,top500,unseen_hits,headft,base,8,1053173-743445;434954-2097;463203-2650;493248-485317;504329;540297-493091;588689;624273-588549,20.25,1.842616833029453,38.65738316697055,mean_difference,7,,,
100,top500,unseen_hits,nearest_active,base,8,1053173-743445;434954-2097;463203-2650;493248-485317;504329;540297-493091;588689;624273-588549,-10.375,-32.75404133125687,12.004041331256875,mean_difference,2,,,
100,top500,unseen_hits,base,headft,8,1053173-743445;434954-2097;463203-2650;493248-485317;504329;540297-493091;588689;624273-588549,-20.25,-38.65738316697055,-1.842616833029453,mean_difference,1,,,
100,top500,unseen_hits,nearest_active,headft,8,1053173-743445;434954-2097;463203-2650;493248-485317;504329;540297-493091;588689;624273-588549,-30.625,-63.99391397314278,2.7439139731427815,mean_difference,1,,,
100,top500,generic_unseen_hits,headft,base,8,1053173-743445;434954-2097;463203-2650;493248-485317;504329;540297-493091;588689;624273-588549,18.25,-1.24278932516755,37.74278932516755,mean_difference,6,,,
100,top500,generic_unseen_hits,nearest_active,base,8,1053173-743445;434954-2097;463203-2650;493248-485317;504329;540297-493091;588689;624273-588549,-11.875,-29.713184049782424,5.963184049782424,mean_difference,2,,,
100,top500,generic_unseen_hits,base,headft,8,1053173-743445;434954-2097;463203-2650;493248-485317;504329;540297-493091;588689;624273-588549,-18.25,-37.74278932516755,1.24278932516755,mean_difference,2,,,
100,top500,generic_unseen_hits,nearest_active,headft,8,1053173-743445;434954-2097;463203-2650;493248-485317;504329;540297-493091;588689;624273-588549,-30.125,-62.71430912082035,2.464309120820353,mean_difference,1,,,
100,top500,unique_active_scaffolds,headft,base,8,1053173-743445;434954-2097;463203-2650;493248-485317;504329;540297-493091;588689;624273-588549,10.25,-2.01050915105429,22.51050915105429,mean_difference,6,,,
100,top500,unique_active_scaffolds,nearest_active,base,8,1053173-743445;434954-2097;463203-2650;493248-485317;504329;540297-493091;588689;624273-588549,-13.125,-27.031534664395032,0.781534664395032,mean_difference,2,,,
100,top500,unique_active_scaffolds,base,headft,8,1053173-743445;434954-2097;463203-2650;493248-485317;504329;540297-493091;588689;624273-588549,-10.25,-22.51050915105429,2.01050915105429,mean_difference,2,,,
100,top500,unique_active_scaffolds,nearest_active,headft,8,1053173-743445;434954-2097;463203-2650;493248-485317;504329;540297-493091;588689;624273-588549,-23.375,-43.082700276372776,-3.6672997236272202,mean_difference,1,,,
100,top500,unique_unseen_scaffolds,headft,base,8,1053173-743445;434954-2097;463203-2650;493248-485317;504329;540297-493091;588689;624273-588549,9.625,-2.6207395955492405,21.87073959554924,mean_difference,6,,,
100,top500,unique_unseen_scaffolds,nearest_active,base,8,1053173-743445;434954-2097;463203-2650;493248-485317;504329;540297-493091;588689;624273-588549,-13.25,-27.108436021468165,0.6084360214681652,mean_difference,2,,,
100,top500,unique_unseen_scaffolds,base,headft,8,1053173-743445;434954-2097;463203-2650;493248-485317;504329;540297-493091;588689;624273-588549,-9.625,-21.87073959554924,2.6207395955492405,mean_difference,2,,,
100,top500,unique_unseen_scaffolds,nearest_active,headft,8,1053173-743445;434954-2097;463203-2650;493248-485317;504329;540297-493091;588689;624273-588549,-22.875,-42.886870762957244,-2.8631292370427595,mean_difference,1,,,
300,top100,hits,headft,base,8,1053173-743445;434954-2097;463203-2650;493248-485317;504329;540297-493091;588689;624273-588549,23.625,6.5504111142447705,40.69958888575523,mean_difference,8,,,
300,top100,hits,nearest_active,base,8,1053173-743445;434954-2097;463203-2650;493248-485317;504329;540297-493091;588689;624273-588549,24.0,9.60961206008392,38.39038793991608,mean_difference,8,,,
300,top100,hits,base,headft,8,1053173-743445;434954-2097;463203-2650;493248-485317;504329;540297-493091;588689;624273-588549,-23.625,-40.69958888575523,-6.5504111142447705,mean_difference,0,,,
300,top100,hits,nearest_active,headft,8,1053173-743445;434954-2097;463203-2650;493248-485317;504329;540297-493091;588689;624273-588549,0.375,-12.606900203387017,13.356900203387017,mean_difference,4,,,
300,top100,unseen_hits,headft,base,8,1053173-743445;434954-2097;463203-2650;493248-485317;504329;540297-493091;588689;624273-588549,14.5,0.37573465454180877,28.62426534545819,mean_difference,7,,,
300,top100,unseen_hits,nearest_active,base,8,1053173-743445;434954-2097;463203-2650;493248-485317;504329;540297-493091;588689;624273-588549,6.125,-2.059439261257248,14.309439261257248,mean_difference,7,,,
300,top100,unseen_hits,base,headft,8,1053173-743445;434954-2097;463203-2650;493248-485317;504329;540297-493091;588689;624273-588549,-14.5,-28.62426534545819,-0.37573465454180877,mean_difference,1,,,
300,top100,unseen_hits,nearest_active,headft,8,1053173-743445;434954-2097;463203-2650;493248-485317;504329;540297-493091;588689;624273-588549,-8.375,-17.58682444950532,0.8368244495053183,mean_difference,1,,,
300,top100,generic_unseen_hits,headft,base,8,1053173-743445;434954-2097;463203-2650;493248-485317;504329;540297-493091;588689;624273-588549,9.25,-1.0740967965190649,19.574096796519065,mean_difference,7,,,
300,top100,generic_unseen_hits,nearest_active,base,8,1053173-743445;434954-2097;463203-2650;493248-485317;504329;540297-493091;588689;624273-588549,4.0,-2.703079693385786,10.703079693385785,mean_difference,7,,,
300,top100,generic_unseen_hits,base,headft,8,1053173-743445;434954-2097;463203-2650;493248-485317;504329;540297-493091;588689;624273-588549,-9.25,-19.574096796519065,1.0740967965190649,mean_difference,1,,,
300,top100,generic_unseen_hits,nearest_active,headft,8,1053173-743445;434954-2097;463203-2650;493248-485317;504329;540297-493091;588689;624273-588549,-5.25,-11.874415514124774,1.3744155141247747,mean_difference,2,,,
300,top100,unique_active_scaffolds,headft,base,8,1053173-743445;434954-2097;463203-2650;493248-485317;504329;540297-493091;588689;624273-588549,11.5,1.9260872237732904,21.07391277622671,mean_difference,7,,,
300,top100,unique_active_scaffolds,nearest_active,base,8,1053173-743445;434954-2097;463203-2650;493248-485317;504329;540297-493091;588689;624273-588549,10.5,3.076005101850673,17.923994898149328,mean_difference,7,,,
300,top100,unique_active_scaffolds,base,headft,8,1053173-743445;434954-2097;463203-2650;493248-485317;504329;540297-493091;588689;624273-588549,-11.5,-21.07391277622671,-1.9260872237732904,mean_difference,1,,,
300,top100,unique_active_scaffolds,nearest_active,headft,8,1053173-743445;434954-2097;463203-2650;493248-485317;504329;540297-493091;588689;624273-588549,-1.0,-8.260810247786875,6.260810247786876,mean_difference,4,,,
300,top100,unique_unseen_scaffolds,headft,base,8,1053173-743445;434954-2097;463203-2650;493248-485317;504329;540297-493091;588689;624273-588549,8.25,-1.6191957434536697,18.11919574345367,mean_difference,7,,,
300,top100,unique_unseen_scaffolds,nearest_active,base,8,1053173-743445;434954-2097;463203-2650;493248-485317;504329;540297-493091;588689;624273-588549,3.875,-2.7296030755641194,10.47960307556412,mean_difference,7,,,
300,top100,unique_unseen_scaffolds,base,headft,8,1053173-743445;434954-2097;463203-2650;493248-485317;504329;540297-493091;588689;624273-588549,-8.25,-18.11919574345367,1.6191957434536697,mean_difference,1,,,
300,top100,unique_unseen_scaffolds,nearest_active,headft,8,1053173-743445;434954-2097;463203-2650;493248-485317;504329;540297-493091;588689;624273-588549,-4.375,-10.234606169479509,1.484606169479508,mean_difference,2,,,
300,top500,hits,headft,base,8,1053173-743445;434954-2097;463203-2650;493248-485317;504329;540297-493091;588689;624273-588549,41.875,14.650858117737897,69.0991418822621,mean_difference,8,,,
300,top500,hits,nearest_active,base,8,1053173-743445;434954-2097;463203-2650;493248-485317;504329;540297-493091;588689;624273-588549,26.0,2.1896477724381533,49.81035222756185,mean_difference,7,,,
300,top500,hits,base,headft,8,1053173-743445;434954-2097;463203-2650;493248-485317;504329;540297-493091;588689;624273-588549,-41.875,-69.0991418822621,-14.650858117737897,mean_difference,0,,,
300,top500,hits,nearest_active,headft,8,1053173-743445;434954-2097;463203-2650;493248-485317;504329;540297-493091;588689;624273-588549,-15.875,-38.51354286441229,6.763542864412287,mean_difference,2,,,
300,top500,unseen_hits,headft,base,8,1053173-743445;434954-2097;463203-2650;493248-485317;504329;540297-493091;588689;624273-588549,31.0,5.736907685249147,56.26309231475085,mean_difference,8,,,
300,top500,unseen_hits,nearest_active,base,8,1053173-743445;434954-2097;463203-2650;493248-485317;504329;540297-493091;588689;624273-588549,10.125,-8.741453911364793,28.991453911364793,mean_difference,6,,,
300,top500,unseen_hits,base,headft,8,1053173-743445;434954-2097;463203-2650;493248-485317;504329;540297-493091;588689;624273-588549,-31.0,-56.26309231475085,-5.736907685249147,mean_difference,0,,,
300,top500,unseen_hits,nearest_active,headft,8,1053173-743445;434954-2097;463203-2650;493248-485317;504329;540297-493091;588689;624273-588549,-20.875,-42.168051248089945,0.4180512480899452,mean_difference,1,,,
300,top500,generic_unseen_hits,headft,base,8,1053173-743445;434954-2097;463203-2650;493248-485317;504329;540297-493091;588689;624273-588549,23.5,3.1244017768032286,43.875598223196775,mean_difference,8,,,
300,top500,generic_unseen_hits,nearest_active,base,8,1053173-743445;434954-2097;463203-2650;493248-485317;504329;540297-493091;588689;624273-588549,6.25,-6.107848495448803,18.607848495448803,mean_difference,5,,,
300,top500,generic_unseen_hits,base,headft,8,1053173-743445;434954-2097;463203-2650;493248-485317;504329;540297-493091;588689;624273-588549,-23.5,-43.875598223196775,-3.1244017768032286,mean_difference,0,,,
300,top500,generic_unseen_hits,nearest_active,headft,8,1053173-743445;434954-2097;463203-2650;493248-485317;504329;540297-493091;588689;624273-588549,-17.25,-37.203471908212705,2.703471908212702,mean_difference,2,,,
300,top500,unique_active_scaffolds,headft,base,8,1053173-743445;434954-2097;463203-2650;493248-485317;504329;540297-493091;588689;624273-588549,21.625,5.261078335256311,37.988921664743685,mean_difference,8,,,
300,top500,unique_active_scaffolds,nearest_active,base,8,1053173-743445;434954-2097;463203-2650;493248-485317;504329;540297-493091;588689;624273-588549,5.375,-5.911835352347641,16.66183535234764,mean_difference,5,,,
300,top500,unique_active_scaffolds,base,headft,8,1053173-743445;434954-2097;463203-2650;493248-485317;504329;540297-493091;588689;624273-588549,-21.625,-37.988921664743685,-5.261078335256311,mean_difference,0,,,
300,top500,unique_active_scaffolds,nearest_active,headft,8,1053173-743445;434954-2097;463203-2650;493248-485317;504329;540297-493091;588689;624273-588549,-16.25,-31.2368763669377,-1.2631236330622997,mean_difference,2,,,
300,top500,unique_unseen_scaffolds,headft,base,8,1053173-743445;434954-2097;463203-2650;493248-485317;504329;540297-493091;588689;624273-588549,19.0,3.423450387529437,34.576549612470565,mean_difference,8,,,
300,top500,unique_unseen_scaffolds,nearest_active,base,8,1053173-743445;434954-2097;463203-2650;493248-485317;504329;540297-493091;588689;624273-588549,2.875,-8.34529157487192,14.09529157487192,mean_difference,5,,,
300,top500,unique_unseen_scaffolds,base,headft,8,1053173-743445;434954-2097;463203-2650;493248-485317;504329;540297-493091;588689;624273-588549,-19.0,-34.576549612470565,-3.423450387529437,mean_difference,0,,,
300,top500,unique_unseen_scaffolds,nearest_active,headft,8,1053173-743445;434954-2097;463203-2650;493248-485317;504329;540297-493091;588689;624273-588549,-16.125,-30.881505122760398,-1.368494877239602,mean_difference,1,,,
